000001,平安银行,881155,银行
000002,万科Ａ,881153,房地产开发
000004,国农科技,881142,生物制品
000005,世纪星源,881153,房地产开发
000006,深振业Ａ,881153,房地产开发
000007,全新好,881161,酒店及餐饮
000008,神州高铁,881127,非汽车交运
000009,中国宝安,881165,综合
000010,美丽生态,881116,建筑装饰
000011,深物业A,881153,房地产开发
000012,南玻Ａ,881115,建筑材料
000014,沙河股份,881153,房地产开发
000016,深康佳Ａ,881132,视听器材
000017,深中华A,881127,非汽车交运
000018,神州长城,881116,建筑装饰
000019,深深宝Ａ,881133,饮料制造
000020,深华发Ａ,881124,电子制造
000021,深科技,881130,计算机设备
000022,深赤湾Ａ,881148,港口航运
000023,深天地Ａ,881115,建筑材料
000025,特力Ａ,881128,交运设备服务
000026,飞亚达Ａ,881139,家用轻工
000027,深圳能源,881145,电力
000028,国药一致,881143,医药商业
000029,深深房Ａ,881153,房地产开发
000030,富奥股份,881126,汽车零部件
000031,中粮地产,881153,房地产开发
000032,深桑达Ａ,881129,通信设备
000034,神州数码,881159,贸易
000035,中国天楹,881147,环保工程
000036,华联控股,881153,房地产开发
000037,深南电A,881145,电力
000038,深大通,881164,传媒
000039,中集集团,881117,通用设备
000040,东旭蓝天,881153,房地产开发
000042,中洲控股,881153,房地产开发
000043,中航地产,881153,房地产开发
000045,深纺织Ａ,881122,光学光电子
000046,泛海控股,881153,房地产开发
000048,康达尔,881103,农产品加工
000049,德赛电池,881124,电子制造
000050,深天马Ａ,881122,光学光电子
000055,方大集团,881116,建筑装饰
000056,皇庭国际,881153,房地产开发
000058,深赛格,881158,零售
000059,华锦股份,881108,基础化学
000060,中金岭南,881113,有色冶炼加工
000061,农产品,881158,零售
000062,深圳华强,881158,零售
000063,中兴通讯,881129,通信设备
000065,北方国际,881116,建筑装饰
000066,中国长城,881130,计算机设备
000068,华控赛格,881165,综合
000069,华侨城Ａ,881153,房地产开发
000070,特发信息,881129,通信设备
000078,海王生物,881142,生物制品
000088,盐田港,881148,港口航运
000089,深圳机场,881151,机场航运
000090,天健集团,881153,房地产开发
000096,广聚能源,881108,基础化学
000099,中信海直,881151,机场航运
000100,TCL集团,881132,视听器材
000150,宜华健康,881144,医疗器械服务
000151,中成股份,881159,贸易
000153,丰原药业,881140,化学制药
000155,*ST川化,881109,化学制品
000156,华数传媒,881162,通信服务
000157,中联重科,881118,专用设备
000158,常山股份,881135,纺织制造
000159,国际实业,881108,基础化学
000166,申万宏源,881157,证券
000301,东方市场,881145,电力
000333,美的集团,881131,白色家电
000338,潍柴动力,881126,汽车零部件
000400,许继电气,881120,电气设备
000401,冀东水泥,881115,建筑材料
000402,金融街,881153,房地产开发
000403,ST生化,881142,生物制品
000404,华意压缩,881131,白色家电
000407,胜利股份,881146,燃气水务
000408,藏格控股,881109,化学制品
000409,山东地矿,881165,综合
000410,*ST沈机,881117,通用设备
000411,英特集团,881143,医药商业
000413,东旭光电,881122,光学光电子
000415,渤海金控,881156,保险及其他
000416,民生控股,881156,保险及其他
000417,合肥百货,881158,零售
000418,小天鹅Ａ,881131,白色家电
000419,通程控股,881158,零售
000420,吉林化纤,881110,化工合成材料
000421,南京公用,881146,燃气水务
000422,湖北宜化,881109,化学制品
000423,东阿阿胶,881141,中药
000425,徐工机械,881118,专用设备
000426,兴业矿业,881113,有色冶炼加工
000428,华天酒店,881161,酒店及餐饮
000429,粤高速Ａ,881149,公路铁路运输
000430,张家界,881160,景点及旅游
000488,晨鸣纸业,881137,造纸
000498,山东路桥,881116,建筑装饰
000501,鄂武商Ａ,881158,零售
000502,绿景控股,881153,房地产开发
000503,海虹控股,881143,医药商业
000504,南华生物,881164,传媒
000505,珠江控股,881153,房地产开发
000506,中润资源,881153,房地产开发
000507,珠海港,881148,港口航运
000509,华塑控股,881115,建筑材料
000510,金路集团,881108,基础化学
000511,*ST烯碳,881114,新材料
000513,丽珠集团,881140,化学制药
000514,渝开发,881153,房地产开发
000516,国际医学,881158,零售
000517,荣安地产,881153,房地产开发
000518,四环生物,881142,生物制品
000519,中兵红箭,881114,新材料
000520,长航凤凰,881148,港口航运
000521,美菱电器,881131,白色家电
000523,广州浪奇,881109,化学制品
000524,岭南控股,881161,酒店及餐饮
000525,红太阳,881109,化学制品
000526,*ST紫学,881164,传媒
000528,柳工,881118,专用设备
000529,广弘控股,881165,综合
000530,大冷股份,881117,通用设备
000531,穗恒运Ａ,881145,电力
000532,华金资本,881156,保险及其他
000533,万家乐,881131,白色家电
000534,万泽股份,881153,房地产开发
000536,华映科技,881122,光学光电子
000537,广宇发展,881153,房地产开发
000538,云南白药,881141,中药
000539,粤电力Ａ,881145,电力
000540,中天金融,881153,房地产开发
000541,佛山照明,881131,白色家电
000543,皖能电力,881145,电力
000544,中原环保,881146,燃气水务
000545,金浦钛业,881108,基础化学
000546,金圆股份,881115,建筑材料
000547,航天发展,881129,通信设备
000548,湖南投资,881149,公路铁路运输
000550,江铃汽车,881125,汽车整车
000551,创元科技,881118,专用设备
000552,靖远煤电,881105,煤炭开采
000553,沙隆达Ａ,881109,化学制品
000554,泰山石油,881108,基础化学
000555,神州信息,881163,计算机应用
000557,西部创业,881149,公路铁路运输
000558,莱茵体育,881153,房地产开发
000559,万向钱潮,881126,汽车零部件
000560,昆百大Ａ,881158,零售
000561,烽火电子,881129,通信设备
000563,陕国投Ａ,881156,保险及其他
000564,供销大集,881158,零售
000565,渝三峡Ａ,881109,化学制品
000566,海南海药,881140,化学制药
000567,海德股份,881153,房地产开发
000568,泸州老窖,881133,饮料制造
000570,苏常柴Ａ,881117,通用设备
000571,新大洲Ａ,881105,煤炭开采
000572,海马汽车,881125,汽车整车
000573,粤宏远Ａ,881153,房地产开发
000576,广东甘化,881137,造纸
000581,威孚高科,881126,汽车零部件
000582,北部湾港,881148,港口航运
000584,哈工智能,881117,通用设备
000585,东北电气,881120,电气设备
000586,汇源通信,881129,通信设备
000587,金洲慈航,881139,家用轻工
000589,黔轮胎Ａ,881110,化工合成材料
000590,启迪古汉,881141,中药
000591,太阳能,881145,电力
000592,平潭发展,881101,种植业与林业
000593,大通燃气,881146,燃气水务
000595,*ST宝实,881117,通用设备
000596,古井贡酒,881133,饮料制造
000597,东北制药,881140,化学制药
000598,兴蓉环境,881146,燃气水务
000599,青岛双星,881110,化工合成材料
000600,建投能源,881145,电力
000601,韶能股份,881145,电力
000603,盛达矿业,881113,有色冶炼加工
000605,渤海股份,881146,燃气水务
000606,神州易桥,881141,中药
000607,华媒控股,881164,传媒
000608,阳光股份,881153,房地产开发
000609,绵石投资,881156,保险及其他
000610,西安旅游,881160,景点及旅游
000611,天首发展,881135,纺织制造
000612,焦作万方,881113,有色冶炼加工
000613,*ST东海A,881161,酒店及餐饮
000615,京汉股份,881153,房地产开发
000616,海航投资,881153,房地产开发
000617,中油资本,881117,通用设备
000619,海螺型材,881115,建筑材料
000620,新华联,881153,房地产开发
000622,恒立实业,881126,汽车零部件
000623,吉林敖东,881141,中药
000625,长安汽车,881125,汽车整车
000626,远大控股,881159,贸易
000627,天茂集团,881156,保险及其他
000628,高新发展,881165,综合
000629,*ST钒钛,881106,石油矿业开采
000630,铜陵有色,881113,有色冶炼加工
000631,顺发恒业,881153,房地产开发
000632,三木集团,881165,综合
000633,合金投资,881113,有色冶炼加工
000635,英力特,881108,基础化学
000636,风华高科,881121,半导体及元件
000637,茂化实华,881108,基础化学
000638,万方发展,881153,房地产开发
000639,西王食品,881103,农产品加工
000650,仁和药业,881141,中药
000651,格力电器,881131,白色家电
000652,泰达股份,881165,综合
000655,金岭矿业,881106,石油矿业开采
000656,金科股份,881153,房地产开发
000657,中钨高新,881113,有色冶炼加工
000659,*ST中富,881138,包装印刷
000661,长春高新,881142,生物制品
000662,天夏智慧,881109,化学制品
000663,永安林业,881139,家用轻工
000665,湖北广电,881162,通信服务
000666,经纬纺机,881156,保险及其他
000667,美好置业,881153,房地产开发
000668,荣丰控股,881153,房地产开发
000669,金鸿能源,881146,燃气水务
000670,盈方微,881121,半导体及元件
000671,阳光城,881153,房地产开发
000672,上峰水泥,881115,建筑材料
000673,当代东方,881164,传媒
000676,智度股份,881164,传媒
000677,恒天海龙,881110,化工合成材料
000678,襄阳轴承,881126,汽车零部件
000679,大连友谊,881158,零售
000680,山推股份,881118,专用设备
000681,视觉中国,881164,传媒
000682,东方电子,881120,电气设备
000683,远兴能源,881108,基础化学
000685,中山公用,881146,燃气水务
000686,东北证券,881157,证券
000687,华讯方舟,881129,通信设备
000688,建新矿业,881113,有色冶炼加工
000690,宝新能源,881145,电力
000691,ST亚太,881153,房地产开发
000692,惠天热电,881145,电力
000693,*ST华泽,881113,有色冶炼加工
000695,滨海能源,881145,电力
000697,炼石有色,881113,有色冶炼加工
000698,沈阳化工,881108,基础化学
000700,模塑科技,881126,汽车零部件
000701,厦门信达,881121,半导体及元件
000702,正虹科技,881103,农产品加工
000703,恒逸石化,881110,化工合成材料
000705,浙江震元,881143,医药商业
000707,双环科技,881108,基础化学
000708,大冶特钢,881112,钢铁
000709,河钢股份,881112,钢铁
000710,贝瑞基因,881144,医疗器械服务
000711,京蓝科技,881165,综合
000712,锦龙股份,881157,证券
000713,丰乐种业,881101,种植业与林业
000715,中兴商业,881158,零售
000716,黑芝麻,881134,食品加工制造
000717,韶钢松山,881112,钢铁
000718,苏宁环球,881153,房地产开发
000719,大地传媒,881164,传媒
000720,新能泰山,881145,电力
000721,西安饮食,881161,酒店及餐饮
000722,湖南发展,881145,电力
000723,美锦能源,881105,煤炭开采
000725,京东方Ａ,881122,光学光电子
000726,鲁泰Ａ,881135,纺织制造
000727,华东科技,881122,光学光电子
000728,国元证券,881157,证券
000729,燕京啤酒,881133,饮料制造
000731,四川美丰,881109,化学制品
000732,泰禾集团,881153,房地产开发
000733,振华科技,881121,半导体及元件
000735,罗牛山,881102,养殖业
000736,中房地产,881153,房地产开发
000737,南风化工,881109,化学制品
000738,航发控制,881166,国防军工
000739,普洛药业,881140,化学制药
000750,国海证券,881157,证券
000751,锌业股份,881113,有色冶炼加工
000752,西藏发展,881133,饮料制造
000753,漳州发展,881128,交运设备服务
000755,*ST三维,881111,化工新材料
000756,新华制药,881140,化学制药
000757,浩物股份,881126,汽车零部件
000758,中色股份,881113,有色冶炼加工
000759,中百集团,881158,零售
000760,斯太尔,881126,汽车零部件
000761,本钢板材,881112,钢铁
000762,西藏矿业,881106,石油矿业开采
000766,通化金马,881141,中药
000767,漳泽电力,881145,电力
000768,中航飞机,881166,国防军工
000776,广发证券,881157,证券
000777,中核科技,881117,通用设备
000778,新兴铸管,881112,钢铁
000779,三毛派神,881135,纺织制造
000780,*ST平能,881105,煤炭开采
000782,美达股份,881110,化工合成材料
000783,长江证券,881157,证券
000785,武汉中商,881158,零售
000786,北新建材,881115,建筑材料
000788,北大医药,881140,化学制药
000789,万年青,881115,建筑材料
000790,泰合健康,881141,中药
000791,甘肃电投,881145,电力
000792,盐湖股份,881109,化学制品
000793,华闻传媒,881164,传媒
000795,英洛华,881114,新材料
000796,凯撒旅游,881160,景点及旅游
000797,中国武夷,881153,房地产开发
000798,中水渔业,881102,养殖业
000799,酒鬼酒,881133,饮料制造
000800,一汽轿车,881125,汽车整车
000801,四川九洲,881132,视听器材
000802,北京文化,881164,传媒
000803,*ST金宇,881153,房地产开发
000806,银河生物,881120,电气设备
000807,云铝股份,881113,有色冶炼加工
000809,*ST新城,881153,房地产开发
000810,创维数字,881132,视听器材
000811,烟台冰轮,881117,通用设备
000812,陕西金叶,881138,包装印刷
000813,德展健康,881140,化学制药
000815,美利云,881137,造纸
000816,智慧农业,881117,通用设备
000818,方大化工,881111,化工新材料
000819,岳阳兴长,881108,基础化学
000820,神雾节能,881147,环保工程
000821,京山轻机,881118,专用设备
000822,山东海化,881108,基础化学
000823,超声电子,881121,半导体及元件
000825,太钢不锈,881112,钢铁
000826,启迪桑德,881147,环保工程
000828,东莞控股,881149,公路铁路运输
000829,天音控股,881158,零售
000830,鲁西化工,881109,化学制品
000831,五矿稀土,881113,有色冶炼加工
000833,贵糖股份,881137,造纸
000835,长城动漫,881164,传媒
000836,鑫茂科技,881129,通信设备
000837,秦川机床,881117,通用设备
000838,财信发展,881153,房地产开发
000839,中信国安,881165,综合
000848,承德露露,881133,饮料制造
000850,华茂股份,881135,纺织制造
000851,高鸿股份,881129,通信设备
000852,石化机械,881118,专用设备
000856,冀东装备,881118,专用设备
000858,五粮液,881133,饮料制造
000859,国风塑业,881110,化工合成材料
000860,顺鑫农业,881133,饮料制造
000861,海印股份,881158,零售
000862,银星能源,881145,电力
000863,三湘印象,881153,房地产开发
000868,安凯客车,881125,汽车整车
000869,张裕Ａ,881133,饮料制造
000875,吉电股份,881145,电力
000876,新希望,881103,农产品加工
000877,天山股份,881115,建筑材料
000878,云南铜业,881113,有色冶炼加工
000880,潍柴重机,881117,通用设备
000881,中广核技,881110,化工合成材料
000882,华联股份,881158,零售
000883,湖北能源,881145,电力
000885,同力水泥,881115,建筑材料
000886,海南高速,881149,公路铁路运输
000887,中鼎股份,881126,汽车零部件
000888,峨眉山Ａ,881160,景点及旅游
000889,茂业通信,881129,通信设备
000890,法尔胜,881117,通用设备
000892,欢瑞世纪,881164,传媒
000893,东凌国际,881103,农产品加工
000895,双汇发展,881134,食品加工制造
000897,津滨发展,881153,房地产开发
000898,鞍钢股份,881112,钢铁
000899,赣能股份,881145,电力
000900,现代投资,881149,公路铁路运输
000901,航天科技,881119,仪器仪表
000902,新洋丰,881109,化学制品
000903,云内动力,881126,汽车零部件
000905,厦门港务,881148,港口航运
000906,浙商中拓,881159,贸易
000908,景峰医药,881140,化学制药
000909,数源科技,881130,计算机设备
000910,大亚圣象,881139,家用轻工
000911,南宁糖业,881103,农产品加工
000912,泸天化,881109,化学制品
000913,钱江摩托,881127,非汽车交运
000915,山大华特,881140,化学制药
000916,华北高速,881149,公路铁路运输
000917,电广传媒,881162,通信服务
000918,嘉凯城,881153,房地产开发
000919,金陵药业,881144,医疗器械服务
000920,南方汇通,881109,化学制品
000921,海信科龙,881131,白色家电
000922,*ST佳电,881120,电气设备
000923,河北宣工,881118,专用设备
000925,众合科技,881127,非汽车交运
000926,福星股份,881153,房地产开发
000927,一汽夏利,881125,汽车整车
000928,中钢国际,881116,建筑装饰
000929,兰州黄河,881133,饮料制造
000930,中粮生化,881103,农产品加工
000931,中关村,881140,化学制药
000932,*ST华菱,881112,钢铁
000933,神火股份,881113,有色冶炼加工
000935,四川双马,881115,建筑材料
000936,华西股份,881110,化工合成材料
000937,冀中能源,881105,煤炭开采
000938,紫光股份,881130,计算机设备
000939,凯迪生态,881145,电力
000948,南天信息,881130,计算机设备
000949,新乡化纤,881110,化工合成材料
000950,*ST建峰,881109,化学制品
000951,中国重汽,881125,汽车整车
000952,广济药业,881140,化学制药
000953,*ST河化,881109,化学制品
000955,欣龙控股,881135,纺织制造
000957,中通客车,881125,汽车整车
000958,东方能源,881145,电力
000959,首钢股份,881112,钢铁
000960,锡业股份,881113,有色冶炼加工
000961,中南建设,881153,房地产开发
000962,东方钽业,881114,新材料
000963,华东医药,881143,医药商业
000965,天保基建,881153,房地产开发
000966,长源电力,881145,电力
000967,盈峰环境,881120,电气设备
000968,蓝焰控股,881107,采掘服务
000969,安泰科技,881114,新材料
000970,中科三环,881114,新材料
000971,高升控股,881163,计算机应用
000972,*ST中基,881103,农产品加工
000973,佛塑科技,881110,化工合成材料
000975,银泰资源,881113,有色冶炼加工
000976,春晖股份,881127,非汽车交运
000977,浪潮信息,881130,计算机设备
000978,桂林旅游,881160,景点及旅游
000979,中弘股份,881153,房地产开发
000980,众泰汽车,881125,汽车整车
000981,银亿股份,881153,房地产开发
000982,*ST中绒,881135,纺织制造
000983,西山煤电,881105,煤炭开采
000985,大庆华科,881109,化学制品
000987,越秀金控,881158,零售
000988,华工科技,881123,其他电子
000989,九芝堂,881141,中药
000990,诚志股份,881140,化学制药
000993,闽东电力,881145,电力
000995,皇台酒业,881133,饮料制造
000996,中国中期,881128,交运设备服务
000997,新大陆,881130,计算机设备
000998,隆平高科,881101,种植业与林业
000999,华润三九,881141,中药
001696,宗申动力,881126,汽车零部件
001896,豫能控股,881145,电力
001979,招商蛇口,881153,房地产开发
002001,新和成,881140,化学制药
002002,鸿达兴业,881108,基础化学
002003,伟星股份,881135,纺织制造
002004,华邦健康,881109,化学制品
002005,德豪润达,881122,光学光电子
002006,精功科技,881118,专用设备
002007,华兰生物,881142,生物制品
002008,大族激光,881123,其他电子
002009,天奇股份,881118,专用设备
002010,传化智联,881109,化学制品
002011,盾安环境,881131,白色家电
002012,凯恩股份,881137,造纸
002013,中航机电,881166,国防军工
002014,永新股份,881138,包装印刷
002015,霞客环保,881110,化工合成材料
002016,世荣兆业,881153,房地产开发
002017,东信和平,881129,通信设备
002018,华信国际,881109,化学制品
002019,亿帆医药,881140,化学制药
002020,京新药业,881140,化学制药
002021,中捷资源,881118,专用设备
002022,科华生物,881142,生物制品
002023,海特高新,881166,国防军工
002024,苏宁云商,881158,零售
002025,航天电器,881124,电子制造
002026,山东威达,881117,通用设备
002027,分众传媒,881164,传媒
002028,思源电气,881120,电气设备
002029,七匹狼,881136,服装家纺
002030,达安基因,881142,生物制品
002031,巨轮智能,881117,通用设备
002032,苏泊尔,881131,白色家电
002033,丽江旅游,881160,景点及旅游
002034,美欣达,881135,纺织制造
002035,华帝股份,881131,白色家电
002036,联创电子,881122,光学光电子
002037,久联发展,881109,化学制品
002038,双鹭药业,881142,生物制品
002039,黔源电力,881145,电力
002040,南京港,881148,港口航运
002041,登海种业,881101,种植业与林业
002042,华孚色纺,881135,纺织制造
002043,兔宝宝,881115,建筑材料
002044,美年健康,881144,医疗器械服务
002045,国光电器,881124,电子制造
002046,轴研科技,881117,通用设备
002047,宝鹰股份,881116,建筑装饰
002048,宁波华翔,881126,汽车零部件
002049,紫光国芯,881121,半导体及元件
002050,三花智控,881131,白色家电
002051,中工国际,881116,建筑装饰
002052,同洲电子,881132,视听器材
002053,云南能投,881134,食品加工制造
002054,德美化工,881109,化学制品
002055,得润电子,881124,电子制造
002056,横店东磁,881123,其他电子
002057,中钢天源,881114,新材料
002058,威尔泰,881120,电气设备
002059,云南旅游,881160,景点及旅游
002060,粤水电,881116,建筑装饰
002061,江山化工,881111,化工新材料
002062,宏润建设,881116,建筑装饰
002063,远光软件,881163,计算机应用
002064,华峰氨纶,881110,化工合成材料
002065,东华软件,881163,计算机应用
002066,瑞泰科技,881115,建筑材料
002067,景兴纸业,881137,造纸
002068,黑猫股份,881110,化工合成材料
002069,獐子岛,881102,养殖业
002070,*ST众和,881135,纺织制造
002071,长城影视,881164,传媒
002072,凯瑞德,881162,通信服务
002073,软控股份,881118,专用设备
002074,国轩高科,881120,电气设备
002075,沙钢股份,881112,钢铁
002076,雪莱特,881123,其他电子
002077,大港股份,881154,园区开发
002078,太阳纸业,881137,造纸
002079,苏州固锝,881121,半导体及元件
002080,中材科技,881111,化工新材料
002081,金螳螂,881116,建筑装饰
002082,栋梁新材,881115,建筑材料
002083,孚日股份,881135,纺织制造
002084,海鸥卫浴,881139,家用轻工
002085,万丰奥威,881126,汽车零部件
002086,东方海洋,881102,养殖业
002087,新野纺织,881135,纺织制造
002088,鲁阳节能,881115,建筑材料
002089,新海宜,881129,通信设备
002090,金智科技,881120,电气设备
002091,江苏国泰,881159,贸易
002092,中泰化学,881108,基础化学
002093,国脉科技,881129,通信设备
002094,青岛金王,881139,家用轻工
002095,生意宝,881162,通信服务
002096,南岭民爆,881109,化学制品
002097,山河智能,881118,专用设备
002098,浔兴股份,881135,纺织制造
002099,海翔药业,881140,化学制药
002100,天康生物,881103,农产品加工
002101,广东鸿图,881126,汽车零部件
002102,冠福股份,881140,化学制药
002103,广博股份,881138,包装印刷
002104,恒宝股份,881129,通信设备
002105,信隆健康,881127,非汽车交运
002106,莱宝高科,881122,光学光电子
002107,沃华医药,881141,中药
002108,沧州明珠,881110,化工合成材料
002109,兴化股份,881109,化学制品
002110,三钢闽光,881112,钢铁
002111,威海广泰,881118,专用设备
002112,三变科技,881120,电气设备
002113,天润数娱,881162,通信服务
002114,罗平锌电,881113,有色冶炼加工
002115,三维通信,881129,通信设备
002116,中国海诚,881116,建筑装饰
002117,东港股份,881138,包装印刷
002118,紫鑫药业,881141,中药
002119,康强电子,881121,半导体及元件
002120,韵达股份,881152,物流
002121,科陆电子,881120,电气设备
002122,天马股份,881117,通用设备
002123,梦网集团,881164,传媒
002124,天邦股份,881103,农产品加工
002125,湘潭电化,881108,基础化学
002126,银轮股份,881126,汽车零部件
002127,南极电商,881162,通信服务
002128,露天煤业,881105,煤炭开采
002129,中环股份,881121,半导体及元件
002130,沃尔核材,881114,新材料
002131,利欧股份,881164,传媒
002132,恒星科技,881117,通用设备
002133,广宇集团,881153,房地产开发
002134,*ST普林,881121,半导体及元件
002135,东南网架,881116,建筑装饰
002136,安纳达,881109,化学制品
002137,麦达数字,881122,光学光电子
002138,顺络电子,881121,半导体及元件
002139,拓邦股份,881124,电子制造
002140,东华科技,881116,建筑装饰
002141,贤丰控股,881123,其他电子
002142,宁波银行,881155,银行
002143,印纪传媒,881164,传媒
002144,宏达高科,881135,纺织制造
002145,中核钛白,881109,化学制品
002146,荣盛发展,881153,房地产开发
002147,新光圆成,881153,房地产开发
002148,北纬科技,881164,传媒
002149,西部材料,881114,新材料
002150,通润装备,881117,通用设备
002151,北斗星通,881166,国防军工
002152,广电运通,881130,计算机设备
002153,石基信息,881163,计算机应用
002154,报喜鸟,881136,服装家纺
002155,湖南黄金,881113,有色冶炼加工
002156,通富微电,881121,半导体及元件
002157,正邦科技,881103,农产品加工
002158,汉钟精机,881117,通用设备
002159,三特索道,881160,景点及旅游
002160,常铝股份,881113,有色冶炼加工
002161,远望谷,881123,其他电子
002162,悦心健康,881115,建筑材料
002163,中航三鑫,881115,建筑材料
002164,宁波东力,881117,通用设备
002165,红宝丽,881111,化工新材料
002166,莱茵生物,881141,中药
002167,东方锆业,881113,有色冶炼加工
002168,深圳惠程,881120,电气设备
002169,智光电气,881120,电气设备
002170,芭田股份,881109,化学制品
002171,楚江新材,881113,有色冶炼加工
002172,澳洋科技,881110,化工合成材料
002173,创新医疗,881102,养殖业
002174,游族网络,881164,传媒
002175,东方网络,881164,传媒
002176,江特电机,881120,电气设备
002177,御银股份,881130,计算机设备
002178,延华智能,881116,建筑装饰
002179,中航光电,881124,电子制造
002180,纳思达,881121,半导体及元件
002181,粤传媒,881164,传媒
002183,怡亚通,881152,物流
002184,海得控制,881120,电气设备
002185,华天科技,881121,半导体及元件
002186,全聚德,881161,酒店及餐饮
002187,广百股份,881158,零售
002188,巴士在线,881124,电子制造
002189,利达光电,881122,光学光电子
002190,成飞集成,881120,电气设备
002191,劲嘉股份,881138,包装印刷
002192,融捷股份,881120,电气设备
002193,如意集团,881135,纺织制造
002194,武汉凡谷,881129,通信设备
002195,二三四五,881163,计算机应用
002196,方正电机,881120,电气设备
002197,证通电子,881130,计算机设备
002198,嘉应制药,881141,中药
002199,东晶电子,881121,半导体及元件
002200,云投生态,881116,建筑装饰
002201,九鼎新材,881111,化工新材料
002202,金风科技,881120,电气设备
002203,海亮股份,881113,有色冶炼加工
002204,大连重工,881118,专用设备
002205,国统股份,881115,建筑材料
002206,海利得,881110,化工合成材料
002207,*ST准油,881107,采掘服务
002208,合肥城建,881153,房地产开发
002209,达意隆,881118,专用设备
002210,飞马国际,881152,物流
002211,宏达新材,881109,化学制品
002212,南洋股份,881120,电气设备
002213,特尔佳,881126,汽车零部件
002214,大立科技,881123,其他电子
002215,诺普信,881109,化学制品
002216,三全食品,881134,食品加工制造
002217,合力泰,881122,光学光电子
002218,拓日新能,881120,电气设备
002219,恒康医疗,881144,医疗器械服务
002220,天宝食品,881103,农产品加工
002221,东华能源,881108,基础化学
002222,福晶科技,881121,半导体及元件
002223,鱼跃医疗,881144,医疗器械服务
002224,三力士,881110,化工合成材料
002225,濮耐股份,881115,建筑材料
002226,江南化工,881109,化学制品
002227,奥特迅,881120,电气设备
002228,合兴包装,881138,包装印刷
002229,鸿博股份,881138,包装印刷
002230,科大讯飞,881163,计算机应用
002231,奥维通信,881129,通信设备
002232,启明信息,881163,计算机应用
002233,塔牌集团,881115,建筑材料
002234,民和股份,881102,养殖业
002235,安妮股份,881137,造纸
002236,大华股份,881130,计算机设备
002237,恒邦股份,881113,有色冶炼加工
002238,天威视讯,881162,通信服务
002239,奥特佳,881126,汽车零部件
002240,威华股份,881139,家用轻工
002241,歌尔股份,881124,电子制造
002242,九阳股份,881131,白色家电
002243,通产丽星,881138,包装印刷
002244,滨江集团,881153,房地产开发
002245,澳洋顺昌,881152,物流
002246,北化股份,881111,化工新材料
002247,帝龙文化,881139,家用轻工
002248,*ST东数,881117,通用设备
002249,大洋电机,881120,电气设备
002250,联化科技,881109,化学制品
002251,步步高,881158,零售
002252,上海莱士,881142,生物制品
002253,川大智胜,881163,计算机应用
002254,泰和新材,881110,化工合成材料
002255,海陆重工,881120,电气设备
002256,兆新股份,881109,化学制品
002258,利尔化学,881109,化学制品
002259,升达林业,881139,家用轻工
002260,德奥通航,881131,白色家电
002261,拓维信息,881164,传媒
002262,恩华药业,881140,化学制药
002263,大东南,881110,化工合成材料
002264,新华都,881158,零售
002265,西仪股份,881126,汽车零部件
002266,浙富控股,881120,电气设备
002267,陕天然气,881146,燃气水务
002268,卫士通,881163,计算机应用
002269,美邦服饰,881136,服装家纺
002270,华明装备,881117,通用设备
002271,东方雨虹,881115,建筑材料
002272,川润股份,881117,通用设备
002273,水晶光电,881122,光学光电子
002274,华昌化工,881109,化学制品
002275,桂林三金,881141,中药
002276,万马股份,881120,电气设备
002277,友阿股份,881158,零售
002278,神开股份,881118,专用设备
002279,久其软件,881163,计算机应用
002280,联络互动,881163,计算机应用
002281,光迅科技,881129,通信设备
002282,博深工具,881117,通用设备
002283,天润曲轴,881126,汽车零部件
002284,亚太股份,881126,汽车零部件
002285,世联行,881153,房地产开发
002286,保龄宝,881103,农产品加工
002287,奇正藏药,881141,中药
002288,超华科技,881121,半导体及元件
002289,宇顺电子,881122,光学光电子
002290,中科新材,881131,白色家电
002291,星期六,881136,服装家纺
002292,奥飞娱乐,881164,传媒
002293,罗莱生活,881136,服装家纺
002294,信立泰,881140,化学制药
002295,精艺股份,881113,有色冶炼加工
002296,辉煌科技,881163,计算机应用
002297,博云新材,881166,国防军工
002298,中电鑫龙,881163,计算机应用
002299,圣农发展,881102,养殖业
002300,太阳电缆,881120,电气设备
002301,齐心集团,881139,家用轻工
002302,西部建设,881115,建筑材料
002303,美盈森,881138,包装印刷
002304,洋河股份,881133,饮料制造
002305,南国置业,881153,房地产开发
002306,*ST云网,881161,酒店及餐饮
002307,北新路桥,881116,建筑装饰
002308,威创股份,881130,计算机设备
002309,中利集团,881120,电气设备
002310,东方园林,881116,建筑装饰
002311,海大集团,881103,农产品加工
002312,*ST三泰,881130,计算机设备
002313,日海通讯,881129,通信设备
002314,南山控股,881153,房地产开发
002315,焦点科技,881162,通信服务
002316,键桥通讯,881129,通信设备
002317,众生药业,881141,中药
002318,久立特材,881112,钢铁
002319,乐通股份,881109,化学制品
002320,海峡股份,881148,港口航运
002321,华英农业,881102,养殖业
002322,理工环科,881120,电气设备
002323,雅百特,881116,建筑装饰
002324,普利特,881110,化工合成材料
002325,洪涛股份,881116,建筑装饰
002326,永太科技,881109,化学制品
002327,富安娜,881136,服装家纺
002328,新朋股份,881126,汽车零部件
002329,皇氏集团,881134,食品加工制造
002330,得利斯,881134,食品加工制造
002331,皖通科技,881163,计算机应用
002332,仙琚制药,881140,化学制药
002333,罗普斯金,881115,建筑材料
002334,英威腾,881120,电气设备
002335,科华恒盛,881120,电气设备
002336,人人乐,881158,零售
002337,赛象科技,881118,专用设备
002338,奥普光电,881119,仪器仪表
002339,积成电子,881120,电气设备
002340,格林美,881114,新材料
002341,新纶科技,881109,化学制品
002342,巨力索具,881117,通用设备
002343,慈文传媒,881164,传媒
002344,海宁皮城,881158,零售
002345,潮宏基,881139,家用轻工
002346,柘中股份,881120,电气设备
002347,泰尔股份,881117,通用设备
002348,高乐股份,881139,家用轻工
002349,精华制药,881141,中药
002350,北京科锐,881120,电气设备
002351,漫步者,881124,电子制造
002352,顺丰控股,881152,物流
002353,杰瑞股份,881118,专用设备
002354,天神娱乐,881164,传媒
002355,兴民智通,881126,汽车零部件
002356,赫美集团,881120,电气设备
002357,富临运业,881150,公交
002358,森源电气,881120,电气设备
002359,北讯集团,881162,通信服务
002360,同德化工,881109,化学制品
002361,神剑股份,881109,化学制品
002362,汉王科技,881163,计算机应用
002363,隆基机械,881126,汽车零部件
002364,中恒电气,881120,电气设备
002365,永安药业,881140,化学制药
002366,台海核电,881120,电气设备
002367,康力电梯,881118,专用设备
002368,太极股份,881163,计算机应用
002369,卓翼科技,881124,电子制造
002370,亚太药业,881140,化学制药
002371,北方华创,881121,半导体及元件
002372,伟星新材,881115,建筑材料
002373,千方科技,881163,计算机应用
002374,丽鹏股份,881138,包装印刷
002375,亚厦股份,881116,建筑装饰
002376,新北洋,881130,计算机设备
002377,国创高新,881108,基础化学
002378,章源钨业,881113,有色冶炼加工
002379,宏创控股,881113,有色冶炼加工
002380,科远股份,881163,计算机应用
002381,双箭股份,881110,化工合成材料
002382,蓝帆医疗,881110,化工合成材料
002383,合众思壮,881130,计算机设备
002384,东山精密,881124,电子制造
002385,大北农,881103,农产品加工
002386,天原集团,881108,基础化学
002387,黑牛食品,881133,饮料制造
002388,新亚制程,881123,其他电子
002389,南洋科技,881121,半导体及元件
002390,信邦制药,881144,医疗器械服务
002391,长青股份,881109,化学制品
002392,北京利尔,881115,建筑材料
002393,力生制药,881140,化学制药
002394,联发股份,881135,纺织制造
002395,双象股份,881110,化工合成材料
002396,星网锐捷,881129,通信设备
002397,梦洁股份,881136,服装家纺
002398,建研集团,881115,建筑材料
002399,海普瑞,881140,化学制药
002400,省广股份,881164,传媒
002401,中远海科,881163,计算机应用
002402,和而泰,881124,电子制造
002403,爱仕达,881131,白色家电
002404,嘉欣丝绸,881135,纺织制造
002405,四维图新,881163,计算机应用
002406,远东传动,881126,汽车零部件
002407,多氟多,881109,化学制品
002408,齐翔腾达,881111,化工新材料
002409,雅克科技,881109,化学制品
002410,广联达,881163,计算机应用
002411,必康股份,881141,中药
002412,汉森制药,881141,中药
002413,雷科防务,881166,国防军工
002414,高德红外,881123,其他电子
002415,海康威视,881130,计算机设备
002416,爱施德,881158,零售
002417,三元达,881129,通信设备
002418,康盛股份,881131,白色家电
002419,天虹股份,881158,零售
002420,毅昌股份,881132,视听器材
002421,达实智能,881163,计算机应用
002422,科伦药业,881140,化学制药
002423,中原特钢,881117,通用设备
002424,贵州百灵,881141,中药
002425,凯撒文化,881136,服装家纺
002426,胜利精密,881117,通用设备
002427,尤夫股份,881110,化工合成材料
002428,云南锗业,881113,有色冶炼加工
002429,兆驰股份,881132,视听器材
002430,杭氧股份,881118,专用设备
002431,棕榈股份,881116,建筑装饰
002432,九安医疗,881144,医疗器械服务
002433,太安堂,881141,中药
002434,万里扬,881126,汽车零部件
002435,长江润发,881118,专用设备
002436,兴森科技,881121,半导体及元件
002437,誉衡药业,881140,化学制药
002438,江苏神通,881117,通用设备
002439,启明星辰,881163,计算机应用
002440,闰土股份,881109,化学制品
002441,众业达,881120,电气设备
002442,龙星化工,881110,化工合成材料
002443,金洲管道,881112,钢铁
002444,巨星科技,881117,通用设备
002445,中南文化,881164,传媒
002446,盛路通信,881129,通信设备
002447,壹桥股份,881102,养殖业
002448,中原内配,881126,汽车零部件
002449,国星光电,881122,光学光电子
002450,康得新,881110,化工合成材料
002451,摩恩电气,881120,电气设备
002452,长高集团,881120,电气设备
002453,天马精化,881109,化学制品
002454,松芝股份,881126,汽车零部件
002455,百川股份,881109,化学制品
002456,欧菲光,881122,光学光电子
002457,青龙管业,881115,建筑材料
002458,益生股份,881102,养殖业
002459,天业通联,881118,专用设备
002460,赣锋锂业,881113,有色冶炼加工
002461,珠江啤酒,881133,饮料制造
002462,嘉事堂,881143,医药商业
002463,沪电股份,881121,半导体及元件
002464,金利科技,881162,通信服务
002465,海格通信,881129,通信设备
002466,天齐锂业,881113,有色冶炼加工
002467,二六三,881162,通信服务
002468,申通快递,881152,物流
002469,三维工程,881116,建筑装饰
002470,金正大,881109,化学制品
002471,中超控股,881120,电气设备
002472,双环传动,881126,汽车零部件
002473,*ST圣莱,881131,白色家电
002474,榕基软件,881163,计算机应用
002475,立讯精密,881124,电子制造
002476,宝莫股份,881109,化学制品
002477,雏鹰农牧,881102,养殖业
002478,常宝股份,881112,钢铁
002479,富春环保,881147,环保工程
002480,新筑股份,881117,通用设备
002481,双塔食品,881134,食品加工制造
002482,广田集团,881116,建筑装饰
002483,润邦股份,881118,专用设备
002484,江海股份,881121,半导体及元件
002485,希努尔,881136,服装家纺
002486,嘉麟杰,881136,服装家纺
002487,大金重工,881117,通用设备
002488,金固股份,881126,汽车零部件
002489,浙江永强,881139,家用轻工
002490,*ST墨龙,881118,专用设备
002491,通鼎互联,881129,通信设备
002492,恒基达鑫,881152,物流
002493,荣盛石化,881110,化工合成材料
002494,华斯股份,881136,服装家纺
002495,佳隆股份,881134,食品加工制造
002496,辉丰股份,881109,化学制品
002497,雅化集团,881109,化学制品
002498,汉缆股份,881120,电气设备
002499,科林环保,881118,专用设备
002500,山西证券,881157,证券
002501,利源精制,881113,有色冶炼加工
002502,骅威文化,881164,传媒
002503,搜于特,881136,服装家纺
002504,*ST弘高,881116,建筑装饰
002505,大康农业,881102,养殖业
002506,协鑫集成,881120,电气设备
002507,涪陵榨菜,881134,食品加工制造
002508,老板电器,881131,白色家电
002509,天广中茂,881118,专用设备
002510,天汽模,881117,通用设备
002511,中顺洁柔,881137,造纸
002512,达华智能,881163,计算机应用
002513,蓝丰生化,881109,化学制品
002514,宝馨科技,881117,通用设备
002515,金字火腿,881134,食品加工制造
002516,旷达科技,881135,纺织制造
002517,恺英网络,881164,传媒
002518,科士达,881120,电气设备
002519,银河电子,881132,视听器材
002520,日发精机,881117,通用设备
002521,齐峰新材,881137,造纸
002522,浙江众成,881138,包装印刷
002523,天桥起重,881118,专用设备
002524,光正集团,881146,燃气水务
002526,山东矿机,881118,专用设备
002527,新时达,881120,电气设备
002528,英飞拓,881130,计算机设备
002529,海源机械,881118,专用设备
002530,金财互联,881117,通用设备
002531,天顺风能,881120,电气设备
002532,新界泵业,881117,通用设备
002533,金杯电工,881120,电气设备
002534,杭锅股份,881120,电气设备
002535,林州重机,881118,专用设备
002536,西泵股份,881126,汽车零部件
002537,海联金汇,881117,通用设备
002538,司尔特,881109,化学制品
002539,云图控股,881109,化学制品
002540,亚太科技,881113,有色冶炼加工
002541,鸿路钢构,881116,建筑装饰
002542,中化岩土,881116,建筑装饰
002543,万和电气,881131,白色家电
002544,杰赛科技,881129,通信设备
002545,东方铁塔,881116,建筑装饰
002546,新联电子,881120,电气设备
002547,春兴精工,881124,电子制造
002548,金新农,881103,农产品加工
002549,凯美特气,881109,化学制品
002550,千红制药,881140,化学制药
002551,尚荣医疗,881144,医疗器械服务
002552,宝鼎科技,881117,通用设备
002553,南方轴承,881126,汽车零部件
002554,惠博普,881107,采掘服务
002555,三七互娱,881164,传媒
002556,辉隆股份,881109,化学制品
002557,洽洽食品,881134,食品加工制造
002558,巨人网络,881164,传媒
002559,亚威股份,881117,通用设备
002560,通达股份,881120,电气设备
002561,徐家汇,881158,零售
002562,兄弟科技,881109,化学制品
002563,森马服饰,881136,服装家纺
002564,天沃科技,881118,专用设备
002565,顺灏股份,881138,包装印刷
002566,益盛药业,881141,中药
002567,唐人神,881103,农产品加工
002568,百润股份,881134,食品加工制造
002569,步森股份,881136,服装家纺
002570,贝因美,881134,食品加工制造
002571,*ST德力,881139,家用轻工
002572,索菲亚,881139,家用轻工
002573,清新环境,881147,环保工程
002574,明牌珠宝,881139,家用轻工
002575,群兴玩具,881139,家用轻工
002576,通达动力,881120,电气设备
002577,雷柏科技,881130,计算机设备
002578,闽发铝业,881113,有色冶炼加工
002579,中京电子,881121,半导体及元件
002580,圣阳股份,881120,电气设备
002581,未名医药,881142,生物制品
002582,好想你,881134,食品加工制造
002583,海能达,881129,通信设备
002584,西陇科学,881109,化学制品
002585,双星新材,881138,包装印刷
002586,围海股份,881116,建筑装饰
002587,奥拓电子,881122,光学光电子
002588,史丹利,881109,化学制品
002589,瑞康医药,881143,医药商业
002590,万安科技,881126,汽车零部件
002591,恒大高新,881109,化学制品
002592,八菱科技,881126,汽车零部件
002593,日上集团,881126,汽车零部件
002594,比亚迪,881125,汽车整车
002595,豪迈科技,881117,通用设备
002596,海南瑞泽,881115,建筑材料
002597,金禾实业,881109,化学制品
002598,山东章鼓,881117,通用设备
002599,盛通股份,881138,包装印刷
002600,江粉磁材,881114,新材料
002601,龙蟒佰利,881109,化学制品
002602,世纪华通,881162,通信服务
002603,以岭药业,881141,中药
002604,龙力生物,881103,农产品加工
002605,姚记扑克,881139,家用轻工
002606,大连电瓷,881120,电气设备
002607,亚夏汽车,881128,交运设备服务
002608,江苏国信,881166,国防军工
002609,捷顺科技,881163,计算机应用
002610,爱康科技,881120,电气设备
002611,东方精工,881118,专用设备
002612,朗姿股份,881136,服装家纺
002613,北玻股份,881118,专用设备
002614,奥佳华,881144,医疗器械服务
002615,哈尔斯,881139,家用轻工
002616,长青集团,881131,白色家电
002617,露笑科技,881120,电气设备
002618,丹邦科技,881121,半导体及元件
002619,艾格拉斯,881164,传媒
002620,瑞和股份,881116,建筑装饰
002621,三垒股份,881118,专用设备
002622,融钰集团,881120,电气设备
002623,亚玛顿,881115,建筑材料
002624,完美世界,881164,传媒
002625,光启技术,881114,新材料
002626,金达威,881140,化学制药
002627,宜昌交运,881150,公交
002628,成都路桥,881116,建筑装饰
002629,仁智股份,881107,采掘服务
002630,华西能源,881120,电气设备
002631,德尔未来,881139,家用轻工
002632,道明光学,881109,化学制品
002633,申科股份,881117,通用设备
002634,棒杰股份,881136,服装家纺
002635,安洁科技,881124,电子制造
002636,金安国纪,881121,半导体及元件
002637,赞宇科技,881109,化学制品
002638,勤上股份,881122,光学光电子
002639,雪人股份,881117,通用设备
002640,跨境通,881164,传媒
002641,永高股份,881115,建筑材料
002642,荣之联,881163,计算机应用
002643,万润股份,881109,化学制品
002644,佛慈制药,881141,中药
002645,华宏科技,881118,专用设备
002646,青青稞酒,881133,饮料制造
002647,民盛金科,881117,通用设备
002648,卫星石化,881108,基础化学
002649,博彦科技,881163,计算机应用
002650,加加食品,881134,食品加工制造
002651,利君股份,881118,专用设备
002652,扬子新材,881115,建筑材料
002653,海思科,881140,化学制药
002654,万润科技,881122,光学光电子
002655,共达电声,881124,电子制造
002656,摩登大道,881136,服装家纺
002657,中科金财,881163,计算机应用
002658,雪迪龙,881119,仪器仪表
002659,中泰桥梁,881116,建筑装饰
002660,茂硕电源,881124,电子制造
002661,克明面业,881134,食品加工制造
002662,京威股份,881126,汽车零部件
002663,普邦股份,881116,建筑装饰
002664,信质电机,881126,汽车零部件
002665,首航节能,881120,电气设备
002666,德联集团,881109,化学制品
002667,鞍重股份,881118,专用设备
002668,奥马电器,881131,白色家电
002669,康达新材,881109,化学制品
002670,国盛金控,881157,证券
002671,龙泉股份,881115,建筑材料
002672,东江环保,881147,环保工程
002673,西部证券,881157,证券
002674,兴业科技,881135,纺织制造
002675,东诚药业,881140,化学制药
002676,顺威股份,881131,白色家电
002677,浙江美大,881131,白色家电
002678,珠江钢琴,881139,家用轻工
002679,福建金森,881101,种植业与林业
002680,长生生物,881142,生物制品
002681,奋达科技,881131,白色家电
002682,龙洲股份,881128,交运设备服务
002683,宏大爆破,881109,化学制品
002684,猛狮科技,881126,汽车零部件
002685,华东重机,881118,专用设备
002686,亿利达,881117,通用设备
002687,乔治白,881136,服装家纺
002688,金河生物,881104,农业服务
002689,远大智能,881118,专用设备
002690,美亚光电,881118,专用设备
002691,冀凯股份,881118,专用设备
002692,睿康股份,881120,电气设备
002693,双成药业,881140,化学制药
002694,顾地科技,881115,建筑材料
002695,煌上煌,881134,食品加工制造
002696,百洋股份,881102,养殖业
002697,红旗连锁,881158,零售
002698,博实股份,881118,专用设备
002699,美盛文化,881136,服装家纺
002700,新疆浩源,881146,燃气水务
002701,奥瑞金,881138,包装印刷
002702,海欣食品,881134,食品加工制造
002703,浙江世宝,881126,汽车零部件
002705,新宝股份,881131,白色家电
002706,良信电器,881120,电气设备
002707,众信旅游,881160,景点及旅游
002708,光洋股份,881126,汽车零部件
002709,天赐材料,881109,化学制品
002711,欧浦智网,881152,物流
002712,思美传媒,881164,传媒
002713,东易日盛,881116,建筑装饰
002714,牧原股份,881102,养殖业
002715,登云股份,881126,汽车零部件
002716,金贵银业,881113,有色冶炼加工
002717,岭南园林,881116,建筑装饰
002718,友邦吊顶,881115,建筑材料
002719,麦趣尔,881134,食品加工制造
002721,金一文化,881139,家用轻工
002722,金轮股份,881118,专用设备
002723,金莱特,881131,白色家电
002724,海洋王,881123,其他电子
002725,跃岭股份,881126,汽车零部件
002726,龙大肉食,881134,食品加工制造
002727,一心堂,881143,医药商业
002728,特一药业,881141,中药
002729,好利来,881123,其他电子
002730,电光科技,881118,专用设备
002731,萃华珠宝,881139,家用轻工
002732,燕塘乳业,881134,食品加工制造
002733,雄韬股份,881120,电气设备
002734,利民股份,881109,化学制品
002735,王子新材,881138,包装印刷
002736,国信证券,881157,证券
002737,葵花药业,881141,中药
002738,中矿资源,881107,采掘服务
002739,万达电影,881164,传媒
002740,爱迪尔,881139,家用轻工
002741,光华科技,881109,化学制品
002742,三圣股份,881115,建筑材料
002743,富煌钢构,881116,建筑装饰
002745,木林森,881122,光学光电子
002746,仙坛股份,881102,养殖业
002747,埃斯顿,881117,通用设备
002748,世龙实业,881109,化学制品
002749,国光股份,881109,化学制品
002750,龙津药业,881141,中药
002751,易尚展示,881139,家用轻工
002752,昇兴股份,881138,包装印刷
002753,永东股份,881110,化工合成材料
002755,东方新星,881116,建筑装饰
002756,永兴特钢,881112,钢铁
002757,南兴装备,881118,专用设备
002758,华通医药,881143,医药商业
002759,天际股份,881131,白色家电
002760,凤形股份,881117,通用设备
002761,多喜爱,881136,服装家纺
002762,金发拉比,881136,服装家纺
002763,汇洁股份,881136,服装家纺
002765,蓝黛传动,881126,汽车零部件
002766,索菱股份,881163,计算机应用
002767,先锋电子,881120,电气设备
002768,国恩股份,881110,化工合成材料
002769,普路通,881152,物流
002770,科迪乳业,881134,食品加工制造
002771,真视通,881163,计算机应用
002772,众兴菌业,881101,种植业与林业
002773,康弘药业,881140,化学制药
002774,快意电梯,881117,通用设备
002775,文科园林,881116,建筑装饰
002776,柏堡龙,881136,服装家纺
002777,久远银海,881163,计算机应用
002778,高科石化,881108,基础化学
002779,中坚科技,881117,通用设备
002780,三夫户外,881136,服装家纺
002781,奇信股份,881116,建筑装饰
002782,可立克,881124,电子制造
002783,凯龙股份,881109,化学制品
002785,万里石,881115,建筑材料
002786,银宝山新,881117,通用设备
002787,华源控股,881138,包装印刷
002788,鹭燕医药,881143,医药商业
002789,建艺集团,881116,建筑装饰
002790,瑞尔特,881139,家用轻工
002791,坚朗五金,881115,建筑材料
002792,通宇通讯,881129,通信设备
002793,东音股份,881117,通用设备
002795,永和智控,881115,建筑材料
002796,世嘉科技,881117,通用设备
002797,第一创业,881157,证券
002798,帝王洁具,881139,家用轻工
002799,环球印务,881138,包装印刷
002800,天顺股份,881152,物流
002801,微光股份,881120,电气设备
002802,洪汇新材,881109,化学制品
002803,吉宏股份,881138,包装印刷
002805,丰元股份,881108,基础化学
002806,华锋股份,881121,半导体及元件
002807,江阴银行,881155,银行
002808,苏州恒久,881123,其他电子
002809,红墙股份,881109,化学制品
002810,山东赫达,881109,化学制品
002811,亚泰国际,881116,建筑装饰
002812,创新股份,881138,包装印刷
002813,路畅科技,881123,其他电子
002815,崇达技术,881121,半导体及元件
002816,和科达,881118,专用设备
002817,黄山胶囊,881141,中药
002818,富森美,881158,零售
002819,东方中科,881119,仪器仪表
002820,桂发祥,881134,食品加工制造
002821,凯莱英,881140,化学制药
002822,中装建设,881116,建筑装饰
002823,凯中精密,881120,电气设备
002824,和胜股份,881113,有色冶炼加工
002825,纳尔股份,881139,家用轻工
002826,易明医药,881140,化学制药
002827,高争民爆,881109,化学制品
002828,贝肯能源,881107,采掘服务
002829,星网宇达,881123,其他电子
002830,名雕股份,881116,建筑装饰
002831,裕同科技,881138,包装印刷
002832,比音勒芬,881136,服装家纺
002833,弘亚数控,881118,专用设备
002835,同为股份,881130,计算机设备
002836,新宏泽,881138,包装印刷
002837,英维克,881118,专用设备
002838,道恩股份,881110,化工合成材料
002839,张家港行,881155,银行
002840,华统股份,881134,食品加工制造
002841,视源股份,881122,光学光电子
002842,翔鹭钨业,881113,有色冶炼加工
002843,泰嘉股份,881117,通用设备
002845,同兴达,881122,光学光电子
002846,英联股份,881138,包装印刷
002847,盐津铺子,881134,食品加工制造
002848,高斯贝尔,881132,视听器材
002849,威星智能,881120,电气设备
002850,科达利,881120,电气设备
002851,麦格米特,881120,电气设备
002852,道道全,881103,农产品加工
002853,皮阿诺,881139,家用轻工
002855,捷荣技术,881124,电子制造
002856,美芝股份,881116,建筑装饰
002857,三晖电气,881120,电气设备
002858,力盛赛车,881164,传媒
002859,洁美科技,881123,其他电子
002860,星帅尔,881131,白色家电
002861,瀛通通讯,881124,电子制造
002862,实丰文化,881139,家用轻工
002863,今飞凯达,881126,汽车零部件
002865,钧达股份,881126,汽车零部件
002866,传艺科技,881124,电子制造
002867,周大生,881139,家用轻工
002868,绿康生化,881104,农业服务
002869,金溢科技,881123,其他电子
002870,香山股份,881119,仪器仪表
002871,伟隆股份,881117,通用设备
002872,天圣制药,881143,医药商业
002873,新天药业,881141,中药
002875,安奈儿,881136,服装家纺
002876,三利谱,881122,光学光电子
002877,智能自控,881119,仪器仪表
002878,元隆雅图,881164,传媒
002879,长缆科技,881120,电气设备
002880,卫光生物,881142,生物制品
002881,美格智能,881124,电子制造
002882,金龙羽,881120,电气设备
002883,中设股份,881116,建筑装饰
002884,凌霄泵业,881117,通用设备
002885,京泉华,881124,电子制造
002886,沃特股份,881110,化工合成材料
002887,绿茵生态,881116,建筑装饰
002888,惠威科技,881132,视听器材
002889,东方嘉盛,881152,物流
002890,弘宇股份,881118,专用设备
002891,中宠股份,881103,农产品加工
002892,科力尔,881120,电气设备
002893,华通热力,881145,电力
002895,川恒股份,881109,化学制品
002896,中大力德,881117,通用设备
002897,意华股份,881124,电子制造
002898,赛隆药业,881140,化学制药
002899,英派斯,881160,景点及旅游
002900,哈三联,881140,化学制药
002901,大博医疗,881144,医疗器械服务
300001,特锐德,881120,电气设备
300002,神州泰岳,881163,计算机应用
300003,乐普医疗,881144,医疗器械服务
300004,南风股份,881118,专用设备
300005,探路者,881136,服装家纺
300006,莱美药业,881140,化学制药
300007,汉威科技,881119,仪器仪表
300008,天海防务,881166,国防军工
300009,安科生物,881142,生物制品
300010,立思辰,881163,计算机应用
300011,鼎汉技术,881120,电气设备
300012,华测检测,881165,综合
300013,新宁物流,881152,物流
300014,亿纬锂能,881123,其他电子
300015,爱尔眼科,881144,医疗器械服务
300016,北陆药业,881140,化学制药
300017,网宿科技,881129,通信设备
300018,中元股份,881120,电气设备
300019,硅宝科技,881109,化学制品
300020,银江股份,881163,计算机应用
300021,大禹节水,881104,农业服务
300022,吉峰农机,881158,零售
300023,宝德股份,881156,保险及其他
300024,机器人,881117,通用设备
300025,华星创业,881129,通信设备
300026,红日药业,881140,化学制药
300027,华谊兄弟,881164,传媒
300028,金亚科技,881129,通信设备
300029,天龙光电,881120,电气设备
300030,阳普医疗,881144,医疗器械服务
300031,宝通科技,881162,通信服务
300032,金龙机电,881122,光学光电子
300033,同花顺,881163,计算机应用
300034,钢研高纳,881117,通用设备
300035,中科电气,881118,专用设备
300036,超图软件,881163,计算机应用
300037,新宙邦,881109,化学制品
300038,梅泰诺,881129,通信设备
300039,上海凯宝,881141,中药
300040,九洲电气,881120,电气设备
300041,回天新材,881109,化学制品
300042,朗科科技,881130,计算机设备
300043,星辉娱乐,881164,传媒
300044,赛为智能,881163,计算机应用
300045,华力创通,881130,计算机设备
300046,台基股份,881121,半导体及元件
300047,天源迪科,881163,计算机应用
300048,合康新能,881120,电气设备
300049,福瑞股份,881141,中药
300050,世纪鼎利,881129,通信设备
300051,三五互联,881163,计算机应用
300052,中青宝,881162,通信服务
300053,欧比特,881121,半导体及元件
300054,鼎龙股份,881109,化学制品
300055,万邦达,881147,环保工程
300056,三维丝,881147,环保工程
300057,万顺股份,881138,包装印刷
300058,蓝色光标,881164,传媒
300059,东方财富,881157,证券
300061,康旗股份,881139,家用轻工
300062,中能电气,881120,电气设备
300063,天龙集团,881164,传媒
300064,豫金刚石,881117,通用设备
300065,海兰信,881130,计算机设备
300066,三川智慧,881119,仪器仪表
300067,安诺其,881109,化学制品
300068,南都电源,881120,电气设备
300069,金利华电,881120,电气设备
300070,碧水源,881147,环保工程
300071,华谊嘉信,881164,传媒
300072,三聚环保,881109,化学制品
300073,当升科技,881109,化学制品
300074,华平股份,881163,计算机应用
300075,数字政通,881163,计算机应用
300076,GQY视讯,881122,光学光电子
300077,国民技术,881121,半导体及元件
300078,思创医惠,881123,其他电子
300079,数码科技,881163,计算机应用
300080,易成新能,881117,通用设备
300081,恒信东方,881129,通信设备
300082,奥克股份,881109,化学制品
300083,劲胜智能,881124,电子制造
300084,海默科技,881118,专用设备
300085,银之杰,881163,计算机应用
300086,康芝药业,881140,化学制药
300087,荃银高科,881101,种植业与林业
300088,长信科技,881122,光学光电子
300089,文化长城,881139,家用轻工
300090,盛运环保,881147,环保工程
300091,金通灵,881117,通用设备
300092,科新机电,881117,通用设备
300093,金刚玻璃,881115,建筑材料
300094,国联水产,881102,养殖业
300095,华伍股份,881117,通用设备
300096,易联众,881163,计算机应用
300097,智云股份,881117,通用设备
300098,高新兴,881129,通信设备
300099,精准信息,881118,专用设备
300100,双林股份,881126,汽车零部件
300101,振芯科技,881166,国防军工
300102,乾照光电,881122,光学光电子
300103,达刚路机,881118,专用设备
300104,乐视网,881162,通信服务
300105,龙源技术,881120,电气设备
300106,西部牧业,881102,养殖业
300107,建新股份,881109,化学制品
300108,吉药控股,881141,中药
300109,新开源,881109,化学制品
300110,华仁药业,881140,化学制药
300111,向日葵,881120,电气设备
300112,万讯自控,881119,仪器仪表
300113,顺网科技,881162,通信服务
300114,中航电测,881119,仪器仪表
300115,长盈精密,881124,电子制造
300116,坚瑞沃能,881118,专用设备
300117,嘉寓股份,881115,建筑材料
300118,东方日升,881120,电气设备
300119,瑞普生物,881104,农业服务
300120,经纬电材,881120,电气设备
300121,阳谷华泰,881110,化工合成材料
300122,智飞生物,881142,生物制品
300123,太阳鸟,881166,国防军工
300124,汇川技术,881120,电气设备
300125,易世达,881147,环保工程
300126,锐奇股份,881117,通用设备
300127,银河磁体,881114,新材料
300128,锦富技术,881122,光学光电子
300129,泰胜风能,881120,电气设备
300130,新国都,881130,计算机设备
300131,英唐智控,881124,电子制造
300132,青松股份,881109,化学制品
300133,华策影视,881164,传媒
300134,大富科技,881129,通信设备
300135,宝利国际,881108,基础化学
300136,信维通信,881124,电子制造
300137,先河环保,881147,环保工程
300138,晨光生物,881103,农产品加工
300139,晓程科技,881121,半导体及元件
300140,中环装备,881120,电气设备
300141,和顺电气,881120,电气设备
300142,沃森生物,881142,生物制品
300143,星普医科,881144,医疗器械服务
300144,宋城演艺,881160,景点及旅游
300145,中金环境,881117,通用设备
300146,汤臣倍健,881134,食品加工制造
300147,香雪制药,881141,中药
300148,天舟文化,881164,传媒
300149,量子高科,881103,农产品加工
300150,世纪瑞尔,881163,计算机应用
300151,昌红科技,881117,通用设备
300152,科融环境,881147,环保工程
300153,科泰电源,881120,电气设备
300154,瑞凌股份,881117,通用设备
300155,安居宝,881130,计算机设备
300156,神雾环保,881147,环保工程
300157,恒泰艾普,881107,采掘服务
300158,振东制药,881141,中药
300159,新研股份,881118,专用设备
300160,秀强股份,881131,白色家电
300161,华中数控,881117,通用设备
300162,雷曼股份,881122,光学光电子
300163,先锋新材,881109,化学制品
300164,通源石油,881107,采掘服务
300165,天瑞仪器,881119,仪器仪表
300166,东方国信,881163,计算机应用
300167,迪威视讯,881163,计算机应用
300168,万达信息,881163,计算机应用
300169,天晟新材,881109,化学制品
300170,汉得信息,881163,计算机应用
300171,东富龙,881144,医疗器械服务
300172,中电环保,881147,环保工程
300173,智慧松德,881118,专用设备
300174,元力股份,881109,化学制品
300175,朗源股份,881103,农产品加工
300176,鸿特精密,881126,汽车零部件
300177,中海达,881130,计算机设备
300178,腾邦国际,881160,景点及旅游
300179,四方达,881117,通用设备
300180,华峰超纤,881110,化工合成材料
300181,佐力药业,881141,中药
300182,捷成股份,881163,计算机应用
300183,东软载波,881121,半导体及元件
300184,力源信息,881123,其他电子
300185,通裕重工,881117,通用设备
300187,永清环保,881147,环保工程
300188,美亚柏科,881163,计算机应用
300189,神农基因,881101,种植业与林业
300190,维尔利,881147,环保工程
300191,潜能恒信,881107,采掘服务
300192,科斯伍德,881109,化学制品
300193,佳士科技,881117,通用设备
300194,福安药业,881140,化学制药
300195,长荣股份,881118,专用设备
300196,长海股份,881111,化工新材料
300197,铁汉生态,881116,建筑装饰
300198,纳川股份,881115,建筑材料
300199,翰宇药业,881140,化学制药
300200,高盟新材,881111,化工新材料
300201,海伦哲,881118,专用设备
300202,聚龙股份,881130,计算机设备
300203,聚光科技,881147,环保工程
300204,舒泰神,881142,生物制品
300205,天喻信息,881129,通信设备
300206,理邦仪器,881144,医疗器械服务
300207,欣旺达,881124,电子制造
300208,恒顺众昇,881120,电气设备
300209,天泽信息,881163,计算机应用
300210,森远股份,881118,专用设备
300211,亿通科技,881129,通信设备
300212,易华录,881163,计算机应用
300213,佳讯飞鸿,881129,通信设备
300214,日科化学,881109,化学制品
300215,电科院,881120,电气设备
300216,千山药机,881144,医疗器械服务
300217,东方电热,881131,白色家电
300218,安利股份,881110,化工合成材料
300219,鸿利智汇,881122,光学光电子
300220,金运激光,881123,其他电子
300221,银禧科技,881110,化工合成材料
300222,科大智能,881120,电气设备
300223,北京君正,881121,半导体及元件
300224,正海磁材,881114,新材料
300225,金力泰,881109,化学制品
300226,上海钢联,881162,通信服务
300227,光韵达,881124,电子制造
300228,富瑞特装,881117,通用设备
300229,拓尔思,881163,计算机应用
300230,永利股份,881110,化工合成材料
300231,银信科技,881163,计算机应用
300232,洲明科技,881122,光学光电子
300233,金城医药,881140,化学制药
300234,开尔新材,881115,建筑材料
300235,方直科技,881163,计算机应用
300236,上海新阳,881109,化学制品
300237,美晨科技,881116,建筑装饰
300238,冠昊生物,881144,医疗器械服务
300239,东宝生物,881142,生物制品
300240,飞力达,881152,物流
300241,瑞丰光电,881122,光学光电子
300242,明家联合,881164,传媒
300243,瑞丰高材,881109,化学制品
300244,迪安诊断,881144,医疗器械服务
300245,天玑科技,881163,计算机应用
300246,宝莱特,881144,医疗器械服务
300247,乐金健康,881131,白色家电
300248,新开普,881163,计算机应用
300249,依米康,881131,白色家电
300250,初灵信息,881129,通信设备
300251,光线传媒,881164,传媒
300252,金信诺,881129,通信设备
300253,卫宁健康,881163,计算机应用
300254,仟源医药,881140,化学制药
300255,常山药业,881140,化学制药
300256,星星科技,881124,电子制造
300257,开山股份,881117,通用设备
300258,精锻科技,881126,汽车零部件
300259,新天科技,881119,仪器仪表
300260,新莱应材,881117,通用设备
300261,雅本化学,881109,化学制品
300262,巴安水务,881147,环保工程
300263,隆华节能,881117,通用设备
300264,佳创视讯,881163,计算机应用
300265,通光线缆,881120,电气设备
300266,兴源环境,881147,环保工程
300267,尔康制药,881140,化学制药
300268,佳沃股份,881103,农产品加工
300269,联建光电,881122,光学光电子
300270,中威电子,881130,计算机设备
300271,华宇软件,881163,计算机应用
300272,开能环保,881131,白色家电
300273,和佳股份,881144,医疗器械服务
300274,阳光电源,881120,电气设备
300275,梅安森,881118,专用设备
300276,三丰智能,881118,专用设备
300277,海联讯,881163,计算机应用
300278,华昌达,881117,通用设备
300279,和晶科技,881124,电子制造
300280,南通锻压,881117,通用设备
300281,金明精机,881118,专用设备
300282,汇冠股份,881124,电子制造
300283,温州宏丰,881120,电气设备
300284,苏交科,881116,建筑装饰
300285,国瓷材料,881108,基础化学
300286,安科瑞,881120,电气设备
300287,飞利信,881163,计算机应用
300288,朗玛信息,881164,传媒
300289,利德曼,881142,生物制品
300290,荣科科技,881163,计算机应用
300291,华录百纳,881164,传媒
300292,吴通控股,881129,通信设备
300293,蓝英装备,881118,专用设备
300294,博雅生物,881142,生物制品
300295,三六五网,881162,通信服务
300296,利亚德,881122,光学光电子
300297,蓝盾股份,881163,计算机应用
300298,三诺生物,881144,医疗器械服务
300299,富春股份,881129,通信设备
300300,汉鼎宇佑,881163,计算机应用
300301,长方集团,881122,光学光电子
300302,同有科技,881130,计算机设备
300303,聚飞光电,881122,光学光电子
300304,云意电气,881126,汽车零部件
300305,裕兴股份,881110,化工合成材料
300306,远方信息,881119,仪器仪表
300307,慈星股份,881118,专用设备
300308,中际装备,881120,电气设备
300309,吉艾科技,881118,专用设备
300310,宜通世纪,881129,通信设备
300311,任子行,881163,计算机应用
300312,邦讯技术,881129,通信设备
300313,天山生物,881102,养殖业
300314,戴维医疗,881144,医疗器械服务
300315,掌趣科技,881164,传媒
300316,晶盛机电,881120,电气设备
300317,珈伟股份,881122,光学光电子
300318,博晖创新,881144,医疗器械服务
300319,麦捷科技,881121,半导体及元件
300320,海达股份,881110,化工合成材料
300321,同大股份,881110,化工合成材料
300322,硕贝德,881124,电子制造
300323,华灿光电,881122,光学光电子
300324,旋极信息,881163,计算机应用
300325,德威新材,881110,化工合成材料
300326,凯利泰,881144,医疗器械服务
300327,中颖电子,881121,半导体及元件
300328,宜安科技,881124,电子制造
300329,海伦钢琴,881139,家用轻工
300330,华虹计通,881163,计算机应用
300331,苏大维格,881122,光学光电子
300332,天壕环境,881146,燃气水务
300333,兆日科技,881130,计算机设备
300334,津膜科技,881147,环保工程
300335,迪森股份,881147,环保工程
300336,新文化,881164,传媒
300337,银邦股份,881113,有色冶炼加工
300338,开元股份,881164,传媒
300339,润和软件,881163,计算机应用
300340,科恒股份,881123,其他电子
300341,麦迪电气,881120,电气设备
300342,天银机电,881131,白色家电
300343,联创互联,881164,传媒
300344,太空板业,881115,建筑材料
300345,红宇新材,881117,通用设备
300346,南大光电,881122,光学光电子
300347,泰格医药,881144,医疗器械服务
300348,长亮科技,881163,计算机应用
300349,金卡智能,881119,仪器仪表
300350,华鹏飞,881152,物流
300351,永贵电器,881127,非汽车交运
300352,北信源,881163,计算机应用
300353,东土科技,881129,通信设备
300354,东华测试,881119,仪器仪表
300355,蒙草生态,881147,环保工程
300356,光一科技,881120,电气设备
300357,我武生物,881142,生物制品
300358,楚天科技,881144,医疗器械服务
300359,全通教育,881164,传媒
300360,炬华科技,881120,电气设备
300362,天翔环境,881120,电气设备
300363,博腾股份,881140,化学制药
300364,中文在线,881164,传媒
300365,恒华科技,881163,计算机应用
300366,创意信息,881163,计算机应用
300367,东方网力,881130,计算机设备
300368,汇金股份,881130,计算机设备
300369,绿盟科技,881163,计算机应用
300370,安控科技,881107,采掘服务
300371,汇中股份,881119,仪器仪表
300373,扬杰科技,881121,半导体及元件
300374,恒通科技,881115,建筑材料
300375,鹏翎股份,881126,汽车零部件
300376,易事特,881120,电气设备
300377,赢时胜,881163,计算机应用
300378,鼎捷软件,881163,计算机应用
300379,东方通,881163,计算机应用
300380,安硕信息,881163,计算机应用
300381,溢多利,881142,生物制品
300382,斯莱克,881118,专用设备
300383,光环新网,881162,通信服务
300384,三联虹普,881163,计算机应用
300385,雪浪环境,881118,专用设备
300386,飞天诚信,881130,计算机设备
300387,富邦股份,881109,化学制品
300388,国祯环保,881146,燃气水务
300389,艾比森,881122,光学光电子
300390,天华超净,881123,其他电子
300391,康跃科技,881117,通用设备
300392,腾信股份,881164,传媒
300393,中来股份,881120,电气设备
300394,天孚通信,881121,半导体及元件
300395,菲利华,881114,新材料
300396,迪瑞医疗,881144,医疗器械服务
300397,天和防务,881119,仪器仪表
300398,飞凯材料,881109,化学制品
300399,京天利,881163,计算机应用
300400,劲拓股份,881117,通用设备
300401,花园生物,881140,化学制药
300402,宝色股份,881118,专用设备
300403,地尔汉宇,881131,白色家电
300404,博济医药,881144,医疗器械服务
300405,科隆股份,881109,化学制品
300406,九强生物,881142,生物制品
300407,凯发电气,881120,电气设备
300408,三环集团,881121,半导体及元件
300409,道氏技术,881109,化学制品
300410,正业科技,881123,其他电子
300411,金盾股份,881118,专用设备
300412,迦南科技,881144,医疗器械服务
300413,快乐购,881158,零售
300414,中光防雷,881120,电气设备
300415,伊之密,881118,专用设备
300416,苏试试验,881119,仪器仪表
300417,南华仪器,881119,仪器仪表
300418,昆仑万维,881164,传媒
300419,浩丰科技,881163,计算机应用
300420,五洋科技,881117,通用设备
300421,力星股份,881117,通用设备
300422,博世科,881147,环保工程
300423,鲁亿通,881120,电气设备
300424,航新科技,881166,国防军工
300425,环能科技,881147,环保工程
300426,唐德影视,881164,传媒
300427,红相电力,881120,电气设备
300428,四通新材,881114,新材料
300429,强力新材,881109,化学制品
300430,诚益通,881117,通用设备
300431,暴风集团,881162,通信服务
300432,富临精工,881126,汽车零部件
300433,蓝思科技,881124,电子制造
300434,金石东方,881118,专用设备
300435,中泰股份,881118,专用设备
300436,广生堂,881142,生物制品
300437,清水源,881109,化学制品
300438,鹏辉能源,881123,其他电子
300439,美康生物,881142,生物制品
300440,运达科技,881163,计算机应用
300441,鲍斯股份,881117,通用设备
300442,普丽盛,881118,专用设备
300443,金雷风电,881117,通用设备
300444,双杰电气,881120,电气设备
300445,康斯特,881119,仪器仪表
300446,乐凯新材,881121,半导体及元件
300447,全信股份,881120,电气设备
300448,浩云科技,881163,计算机应用
300449,汉邦高科,881130,计算机设备
300450,先导智能,881117,通用设备
300451,创业软件,881163,计算机应用
300452,山河药辅,881140,化学制药
300453,三鑫医疗,881144,医疗器械服务
300455,康拓红外,881163,计算机应用
300456,耐威科技,881166,国防军工
300457,赢合科技,881118,专用设备
300458,全志科技,881121,半导体及元件
300459,金科文化,881109,化学制品
300460,惠伦晶体,881121,半导体及元件
300461,田中精机,881118,专用设备
300462,华铭智能,881130,计算机设备
300463,迈克生物,881142,生物制品
300464,星徽精密,881117,通用设备
300465,高伟达,881163,计算机应用
300466,赛摩电气,881120,电气设备
300467,迅游科技,881129,通信设备
300468,四方精创,881163,计算机应用
300469,信息发展,881163,计算机应用
300470,日机密封,881117,通用设备
300471,厚普股份,881118,专用设备
300472,新元科技,881118,专用设备
300473,德尔股份,881126,汽车零部件
300474,景嘉微,881166,国防军工
300475,聚隆科技,881131,白色家电
300476,胜宏科技,881121,半导体及元件
300477,合纵科技,881120,电气设备
300478,杭州高新,881110,化工合成材料
300479,神思电子,881130,计算机设备
300480,光力科技,881118,专用设备
300481,濮阳惠成,881109,化学制品
300482,万孚生物,881142,生物制品
300483,沃施股份,881118,专用设备
300484,蓝海华腾,881120,电气设备
300485,赛升药业,881140,化学制药
300486,东杰智能,881118,专用设备
300487,蓝晓科技,881109,化学制品
300488,恒锋工具,881117,通用设备
300489,中飞股份,881114,新材料
300490,华自科技,881120,电气设备
300491,通合科技,881120,电气设备
300492,山鼎设计,881116,建筑装饰
300493,润欣科技,881121,半导体及元件
300494,盛天网络,881162,通信服务
300495,美尚生态,881116,建筑装饰
300496,中科创达,881163,计算机应用
300497,富祥股份,881140,化学制药
300498,温氏股份,881102,养殖业
300499,高澜股份,881118,专用设备
300500,启迪设计,881116,建筑装饰
300501,海顺新材,881138,包装印刷
300502,新易盛,881123,其他电子
300503,昊志机电,881117,通用设备
300505,川金诺,881109,化学制品
300506,名家汇,881116,建筑装饰
300507,苏奥传感,881126,汽车零部件
300508,维宏股份,881163,计算机应用
300509,新美星,881118,专用设备
300510,金冠电气,881120,电气设备
300511,雪榕生物,881101,种植业与林业
300512,中亚股份,881118,专用设备
300513,恒泰实达,881163,计算机应用
300514,友讯达,881129,通信设备
300515,三德科技,881119,仪器仪表
300516,久之洋,881123,其他电子
300517,海波重科,881116,建筑装饰
300518,盛讯达,881162,通信服务
300519,新光药业,881141,中药
300520,科大国创,881163,计算机应用
300521,爱司凯,881118,专用设备
300522,世名科技,881109,化学制品
300523,辰安科技,881163,计算机应用
300525,博思软件,881163,计算机应用
300526,中潜股份,881118,专用设备
300527,华舟应急,881118,专用设备
300528,幸福蓝海,881164,传媒
300529,健帆生物,881144,医疗器械服务
300530,达志科技,881109,化学制品
300531,优博讯,881123,其他电子
300532,今天国际,881152,物流
300533,冰川网络,881163,计算机应用
300534,陇神戎发,881141,中药
300535,达威股份,881109,化学制品
300536,农尚环境,881116,建筑装饰
300537,广信材料,881109,化学制品
300538,同益股份,881159,贸易
300539,横河模具,881110,化工合成材料
300540,深冷股份,881117,通用设备
300541,先进数通,881163,计算机应用
300542,新晨科技,881163,计算机应用
300543,朗科智能,881124,电子制造
300545,联得装备,881118,专用设备
300546,雄帝科技,881123,其他电子
300547,川环科技,881110,化工合成材料
300548,博创科技,881129,通信设备
300549,优德精密,881117,通用设备
300550,和仁科技,881163,计算机应用
300551,古鳌科技,881130,计算机设备
300552,万集科技,881130,计算机设备
300553,集智股份,881119,仪器仪表
300554,三超新材,881114,新材料
300555,路通视信,881162,通信服务
300556,丝路视觉,881164,传媒
300557,理工光科,881129,通信设备
300558,贝达药业,881140,化学制药
300559,佳发安泰,881163,计算机应用
300560,中富通,881129,通信设备
300561,汇金科技,881163,计算机应用
300562,乐心医疗,881144,医疗器械服务
300563,神宇股份,881120,电气设备
300565,科信技术,881129,通信设备
300566,激智科技,881122,光学光电子
300567,精测电子,881119,仪器仪表
300568,星源材质,881110,化工合成材料
300569,天能重工,881120,电气设备
300570,太辰光,881124,电子制造
300571,平治信息,881164,传媒
300572,安车检测,881119,仪器仪表
300573,兴齐眼药,881140,化学制药
300575,中旗股份,881109,化学制品
300576,容大感光,881109,化学制品
300577,开润股份,881135,纺织制造
300578,会畅通讯,881129,通信设备
300579,数字认证,881163,计算机应用
300580,贝斯特,881126,汽车零部件
300581,晨曦航空,881166,国防军工
300582,英飞特,881123,其他电子
300583,赛托生物,881142,生物制品
300584,海辰药业,881140,化学制药
300585,奥联电子,881126,汽车零部件
300586,美联新材,881110,化工合成材料
300587,天铁股份,881110,化工合成材料
300588,熙菱信息,881163,计算机应用
300589,江龙船艇,881166,国防军工
300590,移为通信,881129,通信设备
300591,万里马,881136,服装家纺
300592,华凯创意,881164,传媒
300593,新雷能,881120,电气设备
300595,欧普康视,881144,医疗器械服务
300596,利安隆,881109,化学制品
300597,吉大通信,881129,通信设备
300598,诚迈科技,881163,计算机应用
300599,雄塑科技,881110,化工合成材料
300600,瑞特股份,881120,电气设备
300601,康泰生物,881142,生物制品
300602,飞荣达,881123,其他电子
300603,立昂技术,881129,通信设备
300604,长川科技,881118,专用设备
300605,恒锋信息,881163,计算机应用
300606,金太阳,881137,造纸
300607,拓斯达,881117,通用设备
300608,思特奇,881163,计算机应用
300609,汇纳科技,881163,计算机应用
300610,晨化股份,881109,化学制品
300611,美力科技,881117,通用设备
300612,宣亚国际,881164,传媒
300613,富瀚微,881121,半导体及元件
300615,欣天科技,881129,通信设备
300616,尚品宅配,881139,家用轻工
300617,安靠智电,881120,电气设备
300618,寒锐钴业,881114,新材料
300619,金银河,881118,专用设备
300620,光库科技,881123,其他电子
300621,维业股份,881116,建筑装饰
300622,博士眼镜,881158,零售
300623,捷捷微电,881121,半导体及元件
300625,三雄极光,881122,光学光电子
300626,华瑞股份,881120,电气设备
300627,华测导航,881123,其他电子
300628,亿联网络,881129,通信设备
300629,新劲刚,881117,通用设备
300630,普利制药,881140,化学制药
300631,久吾高科,881109,化学制品
300632,光莆股份,881122,光学光电子
300633,开立医疗,881144,医疗器械服务
300635,达安股份,881116,建筑装饰
300636,同和药业,881140,化学制药
300637,扬帆新材,881109,化学制品
300638,广和通,881129,通信设备
300639,凯普生物,881142,生物制品
300640,德艺文创,881164,传媒
300641,正丹股份,881109,化学制品
300642,透景生命,881142,生物制品
300643,万通智控,881126,汽车零部件
300645,正元智慧,881163,计算机应用
300646,侨源气体,881109,化学制品
300647,超频三,881124,电子制造
300648,星云股份,881119,仪器仪表
300649,杭州园林,881116,建筑装饰
300650,太龙照明,881122,光学光电子
300651,金陵体育,881139,家用轻工
300652,雷迪克,881126,汽车零部件
300653,正海生物,881144,医疗器械服务
300654,世纪天鸿,881164,传媒
300655,晶瑞股份,881109,化学制品
300656,民德电子,881123,其他电子
300657,弘信电子,881121,半导体及元件
300658,延江股份,881135,纺织制造
300659,中孚信息,881163,计算机应用
300660,江苏雷利,881120,电气设备
300661,圣邦股份,881121,半导体及元件
300662,科锐国际,881164,传媒
300663,科蓝软件,881163,计算机应用
300665,飞鹿股份,881109,化学制品
300666,江丰电子,881121,半导体及元件
300667,必创科技,881119,仪器仪表
300668,杰恩设计,881116,建筑装饰
300669,沪宁股份,881117,通用设备
300670,大烨智能,881120,电气设备
300671,富满电子,881121,半导体及元件
300672,国科微,881121,半导体及元件
300673,佩蒂股份,881103,农产品加工
300675,建科院,881116,建筑装饰
300676,华大基因,881144,医疗器械服务
300677,英科医疗,881144,医疗器械服务
300678,中科信息,881163,计算机应用
300679,电连技术,881124,电子制造
300680,隆盛科技,881117,通用设备
300681,英搏尔,881120,电气设备
300682,朗新科技,881163,计算机应用
300683,海特生物,881142,生物制品
300685,艾德生物,881142,生物制品
300686,智动力,881124,电子制造
300687,赛意信息,881163,计算机应用
300688,创业黑马,881164,传媒
300689,澄天伟业,881123,其他电子
300690,双一科技,881114,新材料
300691,联合光电,881122,光学光电子
300692,中环环保,881147,环保工程
300693,盛弘股份,881120,电气设备
300695,兆丰股份,881126,汽车零部件
300696,爱乐达,881166,国防军工
300697,电工合金,881113,有色冶炼加工
300698,万马科技,881129,通信设备
300699,光威复材,881110,化工合成材料
300700,岱勒新材,881114,新材料
300701,森霸股份,881123,其他电子
300702,天宇股份,881140,化学制药
600000,浦发银行,881155,银行
600004,白云机场,881151,机场航运
600006,东风汽车,881125,汽车整车
600007,中国国贸,881153,房地产开发
600008,首创股份,881146,燃气水务
600009,上海机场,881151,机场航运
600010,包钢股份,881112,钢铁
600011,华能国际,881145,电力
600012,皖通高速,881149,公路铁路运输
600015,华夏银行,881155,银行
600016,民生银行,881155,银行
600017,日照港,881148,港口航运
600018,上港集团,881148,港口航运
600019,宝钢股份,881112,钢铁
600020,中原高速,881149,公路铁路运输
600021,上海电力,881145,电力
600022,山东钢铁,881112,钢铁
600023,浙能电力,881145,电力
600026,中远海能,881148,港口航运
600027,华电国际,881145,电力
600028,中国石化,881108,基础化学
600029,南方航空,881151,机场航运
600030,中信证券,881157,证券
600031,三一重工,881118,专用设备
600033,福建高速,881149,公路铁路运输
600035,楚天高速,881149,公路铁路运输
600036,招商银行,881155,银行
600037,歌华有线,881162,通信服务
600038,中直股份,881166,国防军工
600039,四川路桥,881116,建筑装饰
600048,保利地产,881153,房地产开发
600050,中国联通,881162,通信服务
600051,宁波联合,881165,综合
600052,浙江广厦,881153,房地产开发
600053,九鼎投资,881165,综合
600054,黄山旅游,881160,景点及旅游
600055,万东医疗,881144,医疗器械服务
600056,中国医药,881143,医药商业
600057,象屿股份,881152,物流
600058,五矿发展,881159,贸易
600059,古越龙山,881133,饮料制造
600060,海信电器,881132,视听器材
600061,国投安信,881157,证券
600062,华润双鹤,881140,化学制药
600063,皖维高新,881110,化工合成材料
600064,南京高科,881154,园区开发
600066,宇通客车,881125,汽车整车
600067,冠城大通,881153,房地产开发
600068,葛洲坝,881116,建筑装饰
600069,银鸽投资,881137,造纸
600070,浙江富润,881135,纺织制造
600071,凤凰光学,881122,光学光电子
600072,中船科技,881166,国防军工
600073,上海梅林,881134,食品加工制造
600074,保千里,881123,其他电子
600075,新疆天业,881108,基础化学
600076,康欣新材,881114,新材料
600077,宋都股份,881153,房地产开发
600078,澄星股份,881109,化学制品
600079,人福医药,881140,化学制药
600080,金花股份,881142,生物制品
600081,东风科技,881126,汽车零部件
600082,海泰发展,881159,贸易
600083,博信股份,881165,综合
600084,中葡股份,881133,饮料制造
600085,同仁堂,881141,中药
600086,东方金钰,881139,家用轻工
600088,中视传媒,881164,传媒
600089,特变电工,881120,电气设备
600090,同济堂,881143,医药商业
600091,ST明科,881108,基础化学
600093,易见股份,881126,汽车零部件
600094,大名城,881153,房地产开发
600095,哈高科,881153,房地产开发
600096,云天化,881109,化学制品
600097,开创国际,881102,养殖业
600098,广州发展,881145,电力
600099,林海股份,881127,非汽车交运
600100,同方股份,881130,计算机设备
600101,明星电力,881145,电力
600103,青山纸业,881137,造纸
600104,上汽集团,881125,汽车整车
600105,永鼎股份,881129,通信设备
600106,重庆路桥,881149,公路铁路运输
600107,美尔雅,881136,服装家纺
600108,亚盛集团,881101,种植业与林业
600109,国金证券,881157,证券
600110,诺德股份,881120,电气设备
600111,北方稀土,881113,有色冶炼加工
600112,*ST天成,881120,电气设备
600113,浙江东日,881158,零售
600114,东睦股份,881114,新材料
600115,东方航空,881151,机场航运
600116,三峡水利,881145,电力
600117,西宁特钢,881112,钢铁
600118,中国卫星,881166,国防军工
600119,长江投资,881152,物流
600120,浙江东方,881159,贸易
600121,*ST郑煤,881105,煤炭开采
600122,宏图高科,881158,零售
600123,兰花科创,881105,煤炭开采
600125,铁龙物流,881149,公路铁路运输
600126,杭钢股份,881112,钢铁
600127,金健米业,881103,农产品加工
600128,弘业股份,881159,贸易
600129,太极集团,881141,中药
600130,波导股份,881129,通信设备
600131,岷江水电,881145,电力
600132,重庆啤酒,881133,饮料制造
600133,东湖高新,881165,综合
600135,乐凯胶片,881139,家用轻工
600136,当代明诚,881164,传媒
600137,浪莎股份,881136,服装家纺
600138,中青旅,881160,景点及旅游
600139,西部资源,881113,有色冶炼加工
600141,兴发集团,881109,化学制品
600143,金发科技,881110,化工合成材料
600145,*ST新亿,881115,建筑材料
600146,商赢环球,881136,服装家纺
600148,长春一东,881126,汽车零部件
600149,*ST坊展,881153,房地产开发
600150,中国船舶,881166,国防军工
600151,航天机电,881120,电气设备
600152,维科精华,881135,纺织制造
600153,建发股份,881152,物流
600155,宝硕股份,881157,证券
600156,华升股份,881135,纺织制造
600157,永泰能源,881105,煤炭开采
600158,中体产业,881153,房地产开发
600159,大龙地产,881153,房地产开发
600160,巨化股份,881109,化学制品
600161,天坛生物,881142,生物制品
600162,香江控股,881153,房地产开发
600163,中闽能源,881145,电力
600165,新日恒力,881117,通用设备
600166,福田汽车,881125,汽车整车
600167,联美控股,881145,电力
600168,武汉控股,881146,燃气水务
600169,太原重工,881118,专用设备
600170,上海建工,881116,建筑装饰
600171,上海贝岭,881121,半导体及元件
600172,黄河旋风,881117,通用设备
600173,卧龙地产,881153,房地产开发
600175,美都能源,881106,石油矿业开采
600176,中国巨石,881111,化工新材料
600177,雅戈尔,881136,服装家纺
600178,东安动力,881126,汽车零部件
600179,安通控股,881152,物流
600180,瑞茂通,881159,贸易
600182,S佳通,881110,化工合成材料
600183,生益科技,881121,半导体及元件
600184,光电股份,881166,国防军工
600185,格力地产,881153,房地产开发
600186,莲花健康,881134,食品加工制造
600187,国中水务,881146,燃气水务
600188,兖州煤业,881105,煤炭开采
600189,吉林森工,881101,种植业与林业
600190,锦州港,881148,港口航运
600191,华资实业,881103,农产品加工
600192,长城电工,881120,电气设备
600193,创兴资源,881159,贸易
600195,中牧股份,881104,农业服务
600196,复星医药,881142,生物制品
600197,伊力特,881133,饮料制造
600198,大唐电信,881129,通信设备
600199,金种子酒,881133,饮料制造
600200,江苏吴中,881165,综合
600201,生物股份,881104,农业服务
600202,哈空调,881120,电气设备
600203,福日电子,881122,光学光电子
600206,有研新材,881121,半导体及元件
600207,安彩高科,881165,综合
600208,新湖中宝,881153,房地产开发
600209,罗顿发展,881116,建筑装饰
600210,紫江企业,881138,包装印刷
600211,西藏药业,881141,中药
600212,江泉实业,881165,综合
600213,亚星客车,881125,汽车整车
600215,长春经开,881154,园区开发
600216,浙江医药,881140,化学制药
600217,中再资环,881147,环保工程
600218,全柴动力,881117,通用设备
600219,南山铝业,881113,有色冶炼加工
600220,江苏阳光,881135,纺织制造
600221,海航控股,881151,机场航运
600222,太龙药业,881141,中药
600223,鲁商置业,881153,房地产开发
600225,*ST松江,881153,房地产开发
600226,瀚叶股份,881109,化学制品
600227,赤天化,881109,化学制品
600228,*ST昌九,881109,化学制品
600229,城市传媒,881164,传媒
600230,沧州大化,881111,化工新材料
600231,凌钢股份,881112,钢铁
600232,金鹰股份,881135,纺织制造
600233,圆通速递,881152,物流
600234,ST山水,881165,综合
600235,民丰特纸,881137,造纸
600236,桂冠电力,881145,电力
600237,铜峰电子,881121,半导体及元件
600238,海南椰岛,881133,饮料制造
600239,云南城投,881153,房地产开发
600240,华业资本,881153,房地产开发
600241,时代万恒,881159,贸易
600242,中昌数据,881163,计算机应用
600243,青海华鼎,881117,通用设备
600246,万通地产,881153,房地产开发
600247,ST成城,881159,贸易
600248,延长化建,881116,建筑装饰
600249,两面针,881109,化学制品
600250,南纺股份,881159,贸易
600251,冠农股份,881103,农产品加工
600252,中恒集团,881141,中药
600255,梦舟股份,881113,有色冶炼加工
600256,广汇能源,881108,基础化学
600257,大湖股份,881102,养殖业
600258,首旅酒店,881160,景点及旅游
600259,广晟有色,881113,有色冶炼加工
600260,凯乐科技,881129,通信设备
600261,阳光照明,881123,其他电子
600262,北方股份,881127,非汽车交运
600265,ST景谷,881101,种植业与林业
600266,北京城建,881153,房地产开发
600267,海正药业,881140,化学制药
600268,国电南自,881120,电气设备
600269,赣粤高速,881149,公路铁路运输
600270,外运发展,881152,物流
600271,航天信息,881163,计算机应用
600272,开开实业,881136,服装家纺
600273,嘉化能源,881109,化学制品
600275,*ST昌鱼,881165,综合
600276,恒瑞医药,881140,化学制药
600277,亿利洁能,881165,综合
600278,东方创业,881159,贸易
600279,重庆港九,881148,港口航运
600280,中央商场,881158,零售
600281,太化股份,881108,基础化学
600282,南钢股份,881112,钢铁
600283,钱江水利,881146,燃气水务
600284,浦东建设,881116,建筑装饰
600285,羚锐制药,881141,中药
600287,江苏舜天,881159,贸易
600288,大恒科技,881123,其他电子
600289,亿阳信通,881129,通信设备
600290,华仪电气,881120,电气设备
600291,西水股份,881156,保险及其他
600292,远达环保,881147,环保工程
600293,三峡新材,881115,建筑材料
600295,鄂尔多斯,881106,石油矿业开采
600297,广汇汽车,881128,交运设备服务
600298,安琪酵母,881103,农产品加工
600299,安迪苏,881142,生物制品
600300,维维股份,881133,饮料制造
600301,ST南化,881108,基础化学
600302,标准股份,881118,专用设备
600303,曙光股份,881125,汽车整车
600305,恒顺醋业,881134,食品加工制造
600306,商业城,881158,零售
600307,酒钢宏兴,881112,钢铁
600308,华泰股份,881137,造纸
600309,万华化学,881111,化工新材料
600310,桂东电力,881145,电力
600311,荣华实业,881113,有色冶炼加工
600312,平高电气,881120,电气设备
600313,农发种业,881104,农业服务
600315,上海家化,881109,化学制品
600316,洪都航空,881166,国防军工
600317,营口港,881148,港口航运
600318,新力金融,881156,保险及其他
600319,亚星化学,881109,化学制品
600320,振华重工,881118,专用设备
600321,国栋建设,881115,建筑材料
600322,天房发展,881153,房地产开发
600323,瀚蓝环境,881146,燃气水务
600325,华发股份,881153,房地产开发
600326,西藏天路,881115,建筑材料
600327,大东方,881158,零售
600328,兰太实业,881108,基础化学
600329,中新药业,881141,中药
600330,天通股份,881114,新材料
600331,宏达股份,881113,有色冶炼加工
600332,白云山,881141,中药
600333,长春燃气,881146,燃气水务
600335,国机汽车,881128,交运设备服务
600336,澳柯玛,881131,白色家电
600337,美克家居,881139,家用轻工
600338,西藏珠峰,881113,有色冶炼加工
600339,中油工程,881116,建筑装饰
600340,华夏幸福,881153,房地产开发
600343,航天动力,881166,国防军工
600345,长江通信,881129,通信设备
600346,恒力股份,881110,化工合成材料
600348,阳泉煤业,881105,煤炭开采
600350,山东高速,881149,公路铁路运输
600351,亚宝药业,881141,中药
600352,浙江龙盛,881109,化学制品
600353,旭光股份,881120,电气设备
600354,敦煌种业,881101,种植业与林业
600355,精伦电子,881129,通信设备
600356,恒丰纸业,881137,造纸
600358,国旅联合,881160,景点及旅游
600359,新农开发,881101,种植业与林业
600360,华微电子,881121,半导体及元件
600361,华联综超,881158,零售
600362,江西铜业,881113,有色冶炼加工
600363,联创光电,881122,光学光电子
600365,通葡股份,881133,饮料制造
600366,宁波韵升,881114,新材料
600367,红星发展,881108,基础化学
600368,五洲交通,881149,公路铁路运输
600369,西南证券,881157,证券
600370,三房巷,881135,纺织制造
600371,万向德农,881101,种植业与林业
600372,中航电子,881166,国防军工
600373,中文传媒,881164,传媒
600375,华菱星马,881118,专用设备
600376,首开股份,881153,房地产开发
600377,宁沪高速,881149,公路铁路运输
600378,天科股份,881109,化学制品
600379,宝光股份,881120,电气设备
600380,健康元,881140,化学制药
600381,青海春天,881141,中药
600382,广东明珠,881117,通用设备
600383,金地集团,881153,房地产开发
600385,山东金泰,881159,贸易
600386,北巴传媒,881164,传媒
600387,海越股份,881108,基础化学
600388,龙净环保,881118,专用设备
600389,江山股份,881109,化学制品
600390,五矿资本,881156,保险及其他
600391,航发科技,881166,国防军工
600392,盛和资源,881113,有色冶炼加工
600393,粤泰股份,881153,房地产开发
600395,盘江股份,881105,煤炭开采
600396,金山股份,881145,电力
600397,安源煤业,881105,煤炭开采
600398,海澜之家,881136,服装家纺
600399,抚顺特钢,881112,钢铁
600400,红豆股份,881136,服装家纺
600401,*ST海润,881120,电气设备
600403,*ST大有,881105,煤炭开采
600405,动力源,881120,电气设备
600406,国电南瑞,881120,电气设备
600408,安泰集团,881105,煤炭开采
600409,三友化工,881108,基础化学
600410,华胜天成,881163,计算机应用
600415,小商品城,881158,零售
600416,湘电股份,881120,电气设备
600418,江淮汽车,881125,汽车整车
600419,天润乳业,881134,食品加工制造
600420,现代制药,881140,化学制药
600421,仰帆控股,881117,通用设备
600422,昆药集团,881141,中药
600423,*ST柳化,881109,化学制品
600425,*ST青松,881115,建筑材料
600426,华鲁恒升,881109,化学制品
600428,中远海特,881148,港口航运
600429,三元股份,881134,食品加工制造
600432,*ST吉恩,881113,有色冶炼加工
600433,冠豪高新,881137,造纸
600435,北方导航,881166,国防军工
600436,片仔癀,881141,中药
600438,通威股份,881103,农产品加工
600439,瑞贝卡,881139,家用轻工
600444,国机通用,881117,通用设备
600446,金证股份,881163,计算机应用
600448,华纺股份,881135,纺织制造
600449,宁夏建材,881115,建筑材料
600452,涪陵电力,881145,电力
600455,博通股份,881163,计算机应用
600456,宝钛股份,881113,有色冶炼加工
600458,时代新材,881109,化学制品
600459,贵研铂业,881113,有色冶炼加工
600460,士兰微,881122,光学光电子
600461,洪城水业,881146,燃气水务
600462,九有股份,881137,造纸
600463,空港股份,881154,园区开发
600466,蓝光发展,881153,房地产开发
600467,好当家,881102,养殖业
600468,百利电气,881120,电气设备
600469,风神股份,881110,化工合成材料
600470,六国化工,881109,化学制品
600475,华光股份,881120,电气设备
600476,湘邮科技,881163,计算机应用
600477,杭萧钢构,881116,建筑装饰
600478,科力远,881114,新材料
600479,千金药业,881141,中药
600480,凌云股份,881126,汽车零部件
600481,双良节能,881117,通用设备
600482,中国动力,881126,汽车零部件
600483,福能股份,881145,电力
600485,信威集团,881129,通信设备
600486,扬农化工,881109,化学制品
600487,亨通光电,881129,通信设备
600488,天药股份,881140,化学制药
600489,中金黄金,881113,有色冶炼加工
600490,鹏欣资源,881113,有色冶炼加工
600491,龙元建设,881116,建筑装饰
600493,凤竹纺织,881135,纺织制造
600495,晋西车轴,881127,非汽车交运
600496,精工钢构,881116,建筑装饰
600497,驰宏锌锗,881113,有色冶炼加工
600498,烽火通信,881129,通信设备
600499,科达洁能,881118,专用设备
600500,中化国际,881108,基础化学
600501,航天晨光,881118,专用设备
600502,安徽水利,881116,建筑装饰
600503,华丽家族,881153,房地产开发
600505,西昌电力,881145,电力
600506,香梨股份,881101,种植业与林业
600507,方大特钢,881112,钢铁
600508,上海能源,881105,煤炭开采
600509,天富能源,881145,电力
600510,黑牡丹,881116,建筑装饰
600511,国药股份,881143,医药商业
600512,腾达建设,881116,建筑装饰
600513,联环药业,881140,化学制药
600515,海航基础,881153,房地产开发
600516,方大炭素,881114,新材料
600517,置信电气,881120,电气设备
600518,康美药业,881141,中药
600519,贵州茅台,881133,饮料制造
600520,中发科技,881117,通用设备
600521,华海药业,881140,化学制药
600522,中天科技,881129,通信设备
600523,贵航股份,881126,汽车零部件
600525,长园集团,881120,电气设备
600526,菲达环保,881118,专用设备
600527,江南高纤,881110,化工合成材料
600528,中铁工业,881116,建筑装饰
600529,山东药玻,881144,医疗器械服务
600530,交大昂立,881142,生物制品
600531,豫光金铅,881113,有色冶炼加工
600532,宏达矿业,881106,石油矿业开采
600533,栖霞建设,881153,房地产开发
600535,天士力,881141,中药
600536,中国软件,881163,计算机应用
600537,亿晶光电,881120,电气设备
600538,国发股份,881109,化学制品
600539,狮头股份,881115,建筑材料
600540,*ST新赛,881101,种植业与林业
600543,莫高股份,881133,饮料制造
600545,新疆城建,881116,建筑装饰
600546,山煤国际,881105,煤炭开采
600547,山东黄金,881113,有色冶炼加工
600548,深高速,881149,公路铁路运输
600549,厦门钨业,881113,有色冶炼加工
600550,保变电气,881120,电气设备
600551,时代出版,881164,传媒
600552,凯盛科技,881115,建筑材料
600555,海航创新,881153,房地产开发
600556,ST慧球,881165,综合
600557,康缘药业,881141,中药
600558,大西洋,881117,通用设备
600559,老白干酒,881133,饮料制造
600560,金自天正,881118,专用设备
600561,江西长运,881150,公交
600562,国睿科技,881166,国防军工
600563,法拉电子,881121,半导体及元件
600565,迪马股份,881153,房地产开发
600566,济川药业,881140,化学制药
600567,山鹰纸业,881137,造纸
600568,中珠医疗,881153,房地产开发
600569,安阳钢铁,881112,钢铁
600570,恒生电子,881163,计算机应用
600571,信雅达,881163,计算机应用
600572,康恩贝,881141,中药
600573,惠泉啤酒,881133,饮料制造
600575,皖江物流,881148,港口航运
600576,万家文化,881164,传媒
600577,精达股份,881117,通用设备
600578,京能电力,881145,电力
600579,天华院,881118,专用设备
600580,卧龙电气,881120,电气设备
600581,八一钢铁,881112,钢铁
600582,天地科技,881118,专用设备
600583,海油工程,881107,采掘服务
600584,长电科技,881121,半导体及元件
600585,海螺水泥,881115,建筑材料
600586,金晶科技,881115,建筑材料
600587,新华医疗,881144,医疗器械服务
600588,用友网络,881163,计算机应用
600589,广东榕泰,881109,化学制品
600590,泰豪科技,881120,电气设备
600592,龙溪股份,881117,通用设备
600593,大连圣亚,881160,景点及旅游
600594,益佰制药,881141,中药
600595,中孚实业,881113,有色冶炼加工
600596,新安股份,881109,化学制品
600597,光明乳业,881134,食品加工制造
600598,北大荒,881101,种植业与林业
600599,熊猫金控,881139,家用轻工
600600,青岛啤酒,881133,饮料制造
600601,方正科技,881130,计算机设备
600602,云赛智联,881163,计算机应用
600603,广汇物流,881152,物流
600604,市北高新,881154,园区开发
600605,汇通能源,881159,贸易
600606,绿地控股,881153,房地产开发
600608,*ST沪科,881165,综合
600609,金杯汽车,881125,汽车整车
600610,中毅达,881116,建筑装饰
600611,大众交通,881150,公交
600612,老凤祥,881139,家用轻工
600613,神奇制药,881141,中药
600614,鹏起科技,881165,综合
600615,丰华股份,881117,通用设备
600616,金枫酒业,881133,饮料制造
600617,国新能源,881146,燃气水务
600618,氯碱化工,881108,基础化学
600619,海立股份,881131,白色家电
600620,天宸股份,881153,房地产开发
600621,华鑫股份,881153,房地产开发
600622,嘉宝集团,881153,房地产开发
600623,华谊集团,881110,化工合成材料
600624,复旦复华,881165,综合
600626,申达股份,881135,纺织制造
600628,新世界,881158,零售
600629,华建集团,881116,建筑装饰
600630,龙头股份,881136,服装家纺
600633,浙数文化,881164,传媒
600634,富控互动,881162,通信服务
600635,大众公用,881146,燃气水务
600636,*ST爱富,881109,化学制品
600637,东方明珠,881162,通信服务
600638,新黄浦,881153,房地产开发
600639,浦东金桥,881153,房地产开发
600640,号百控股,881160,景点及旅游
600641,万业企业,881153,房地产开发
600642,申能股份,881145,电力
600643,爱建集团,881156,保险及其他
600644,乐山电力,881145,电力
600645,中源协和,881142,生物制品
600647,同达创业,881159,贸易
600648,外高桥,881154,园区开发
600649,城投控股,881153,房地产开发
600650,锦江投资,881150,公交
600651,飞乐音响,881123,其他电子
600652,游久游戏,881164,传媒
600653,申华控股,881128,交运设备服务
600654,*ST中安,881163,计算机应用
600655,豫园商城,881158,零售
600657,信达地产,881153,房地产开发
600658,电子城,881154,园区开发
600660,福耀玻璃,881126,汽车零部件
600661,新南洋,881164,传媒
600662,强生控股,881150,公交
600663,陆家嘴,881154,园区开发
600664,哈药股份,881140,化学制药
600665,天地源,881153,房地产开发
600666,奥瑞德,881122,光学光电子
600667,太极实业,881121,半导体及元件
600668,尖峰集团,881115,建筑材料
600671,天目药业,881141,中药
600673,东阳光科,881113,有色冶炼加工
600674,川投能源,881145,电力
600675,中华企业,881153,房地产开发
600676,交运股份,881152,物流
600677,航天通信,881166,国防军工
600678,四川金顶,881115,建筑材料
600679,上海凤凰,881127,非汽车交运
600680,*ST上普,881130,计算机设备
600681,百川能源,881146,燃气水务
600682,南京新百,881158,零售
600683,京投发展,881153,房地产开发
600684,珠江实业,881153,房地产开发
600685,中船防务,881166,国防军工
600686,金龙汽车,881125,汽车整车
600687,刚泰控股,881113,有色冶炼加工
600688,上海石化,881108,基础化学
600689,上海三毛,881135,纺织制造
600690,青岛海尔,881131,白色家电
600691,阳煤化工,881109,化学制品
600692,亚通股份,881153,房地产开发
600693,东百集团,881158,零售
600694,大商股份,881158,零售
600695,绿庭投资,881134,食品加工制造
600696,*ST匹凸,881153,房地产开发
600697,欧亚集团,881158,零售
600698,湖南天雁,881126,汽车零部件
600699,均胜电子,881126,汽车零部件
600701,工大高新,881165,综合
600702,沱牌舍得,881133,饮料制造
600703,三安光电,881122,光学光电子
600704,物产中大,881158,零售
600705,中航资本,881156,保险及其他
600706,曲江文旅,881160,景点及旅游
600707,彩虹股份,881122,光学光电子
600708,光明地产,881153,房地产开发
600710,ST常林,881118,专用设备
600711,盛屯矿业,881113,有色冶炼加工
600712,南宁百货,881158,零售
600713,南京医药,881143,医药商业
600714,金瑞矿业,881105,煤炭开采
600715,文投控股,881164,传媒
600716,凤凰股份,881153,房地产开发
600717,天津港,881148,港口航运
600718,东软集团,881163,计算机应用
600719,大连热电,881145,电力
600720,祁连山,881115,建筑材料
600721,百花村,881105,煤炭开采
600722,金牛化工,881108,基础化学
600723,首商股份,881158,零售
600724,宁波富达,881153,房地产开发
600725,ST云维,881110,化工合成材料
600726,华电能源,881145,电力
600727,鲁北化工,881109,化学制品
600728,佳都科技,881163,计算机应用
600729,重庆百货,881158,零售
600730,中国高科,881165,综合
600731,湖南海利,881109,化学制品
600732,ST新梅,881153,房地产开发
600733,S*ST前锋,881165,综合
600734,实达集团,881129,通信设备
600735,新华锦,881159,贸易
600736,苏州高新,881153,房地产开发
600737,中粮糖业,881103,农产品加工
600738,兰州民百,881158,零售
600739,辽宁成大,881159,贸易
600740,山西焦化,881105,煤炭开采
600741,华域汽车,881126,汽车零部件
600742,一汽富维,881126,汽车零部件
600743,华远地产,881153,房地产开发
600744,华银电力,881145,电力
600745,闻泰科技,881129,通信设备
600746,江苏索普,881109,化学制品
600747,*ST大控,881156,保险及其他
600748,上实发展,881153,房地产开发
600749,西藏旅游,881160,景点及旅游
600750,江中药业,881141,中药
600751,天海投资,881148,港口航运
600753,东方银星,881153,房地产开发
600754,锦江股份,881161,酒店及餐饮
600755,厦门国贸,881159,贸易
600756,浪潮软件,881163,计算机应用
600757,长江传媒,881164,传媒
600758,红阳能源,881105,煤炭开采
600759,洲际油气,881106,石油矿业开采
600760,中航黑豹,881127,非汽车交运
600761,安徽合力,881118,专用设备
600763,通策医疗,881144,医疗器械服务
600764,中电广通,881123,其他电子
600765,中航重机,881117,通用设备
600766,园城黄金,881153,房地产开发
600767,*ST运盛,881153,房地产开发
600768,宁波富邦,881113,有色冶炼加工
600769,祥龙电业,881146,燃气水务
600770,综艺股份,881121,半导体及元件
600771,广誉远,881140,化学制药
600773,西藏城投,881153,房地产开发
600774,汉商集团,881158,零售
600775,南京熊猫,881129,通信设备
600776,东方通信,881129,通信设备
600777,新潮能源,881106,石油矿业开采
600778,友好集团,881158,零售
600779,水井坊,881133,饮料制造
600780,通宝能源,881145,电力
600781,辅仁药业,881141,中药
600782,新钢股份,881112,钢铁
600783,鲁信创投,881156,保险及其他
600784,鲁银投资,881112,钢铁
600785,新华百货,881158,零售
600787,中储股份,881152,物流
600789,鲁抗医药,881140,化学制药
600790,轻纺城,881158,零售
600791,京能置业,881153,房地产开发
600792,云煤能源,881105,煤炭开采
600793,宜宾纸业,881137,造纸
600794,保税科技,881152,物流
600795,国电电力,881145,电力
600796,钱江生化,881142,生物制品
600797,浙大网新,881163,计算机应用
600798,宁波海运,881148,港口航运
600800,天津磁卡,881123,其他电子
600801,华新水泥,881115,建筑材料
600802,福建水泥,881115,建筑材料
600803,新奥股份,881109,化学制品
600804,鹏博士,881162,通信服务
600805,悦达投资,881135,纺织制造
600806,*ST昆机,881117,通用设备
600807,天业股份,881153,房地产开发
600808,马钢股份,881112,钢铁
600809,山西汾酒,881133,饮料制造
600810,神马股份,881110,化工合成材料
600811,东方集团,881165,综合
600812,华北制药,881140,化学制药
600814,杭州解百,881158,零售
600815,*ST厦工,881118,专用设备
600816,安信信托,881156,保险及其他
600817,*ST宏盛,881165,综合
600818,中路股份,881165,综合
600819,耀皮玻璃,881115,建筑材料
600820,隧道股份,881116,建筑装饰
600821,津劝业,881158,零售
600822,上海物贸,881159,贸易
600823,世茂股份,881153,房地产开发
600824,益民集团,881158,零售
600825,新华传媒,881164,传媒
600826,兰生股份,881159,贸易
600827,百联股份,881158,零售
600828,茂业商业,881158,零售
600829,人民同泰,881140,化学制药
600830,香溢融通,881156,保险及其他
600831,广电网络,881162,通信服务
600833,第一医药,881143,医药商业
600834,申通地铁,881150,公交
600835,上海机电,881118,专用设备
600836,界龙实业,881138,包装印刷
600837,海通证券,881157,证券
600838,上海九百,881158,零售
600839,四川长虹,881132,视听器材
600841,上柴股份,881117,通用设备
600843,上工申贝,881118,专用设备
600844,*ST丹科,881109,化学制品
600845,宝信软件,881163,计算机应用
600846,同济科技,881165,综合
600847,*ST万里,881120,电气设备
600848,上海临港,881154,园区开发
600850,华东电脑,881130,计算机设备
600851,海欣股份,881165,综合
600853,龙建股份,881116,建筑装饰
600854,春兰股份,881131,白色家电
600855,航天长峰,881130,计算机设备
600856,中天能源,881146,燃气水务
600857,宁波中百,881159,贸易
600858,银座股份,881158,零售
600859,王府井,881158,零售
600860,*ST京城,881117,通用设备
600861,北京城乡,881158,零售
600862,中航高科,881166,国防军工
600863,内蒙华电,881145,电力
600864,哈投股份,881145,电力
600865,百大集团,881158,零售
600866,星湖科技,881134,食品加工制造
600867,通化东宝,881142,生物制品
600868,梅雁吉祥,881145,电力
600869,智慧能源,881120,电气设备
600870,厦华电子,881132,视听器材
600871,石化油服,881107,采掘服务
600872,中炬高新,881134,食品加工制造
600873,梅花生物,881134,食品加工制造
600874,创业环保,881146,燃气水务
600875,东方电气,881120,电气设备
600876,洛阳玻璃,881115,建筑材料
600877,*ST嘉陵,881127,非汽车交运
600879,航天电子,881166,国防军工
600880,博瑞传播,881164,传媒
600881,亚泰集团,881115,建筑材料
600882,广泽股份,881134,食品加工制造
600883,博闻科技,881115,建筑材料
600884,杉杉股份,881165,综合
600885,宏发股份,881120,电气设备
600886,国投电力,881145,电力
600887,伊利股份,881134,食品加工制造
600888,新疆众和,881113,有色冶炼加工
600889,南京化纤,881110,化工合成材料
600890,中房股份,881153,房地产开发
600891,秋林集团,881158,零售
600892,大晟文化,881164,传媒
600893,航发动力,881166,国防军工
600894,广日股份,881118,专用设备
600895,张江高科,881154,园区开发
600896,览海投资,881148,港口航运
600897,厦门空港,881151,机场航运
600898,国美通讯,881158,零售
600900,长江电力,881145,电力
600908,无锡银行,881155,银行
600909,华安证券,881157,证券
600917,重庆燃气,881146,燃气水务
600919,江苏银行,881155,银行
600926,杭州银行,881155,银行
600936,广西广电,881162,通信服务
600939,重庆建工,881116,建筑装饰
600958,东方证券,881157,证券
600959,江苏有线,881162,通信服务
600960,渤海活塞,881117,通用设备
600961,株冶集团,881113,有色冶炼加工
600962,国投中鲁,881103,农产品加工
600963,岳阳林纸,881137,造纸
600965,福成股份,881102,养殖业
600966,博汇纸业,881137,造纸
600967,内蒙一机,881127,非汽车交运
600969,郴电国际,881145,电力
600970,中材国际,881116,建筑装饰
600971,恒源煤电,881105,煤炭开采
600973,宝胜股份,881120,电气设备
600975,新五丰,881102,养殖业
600976,健民集团,881141,中药
600977,中国电影,881164,传媒
600978,宜华生活,881139,家用轻工
600979,广安爱众,881145,电力
600980,北矿科技,881114,新材料
600981,汇鸿集团,881159,贸易
600982,宁波热电,881145,电力
600983,惠而浦,881131,白色家电
600984,建设机械,881118,专用设备
600985,雷鸣科化,881109,化学制品
600986,科达股份,881164,传媒
600987,航民股份,881135,纺织制造
600988,赤峰黄金,881113,有色冶炼加工
600990,四创电子,881166,国防军工
600992,贵绳股份,881117,通用设备
600993,马应龙,881141,中药
600995,文山电力,881145,电力
600996,贵广网络,881162,通信服务
600997,开滦股份,881105,煤炭开采
600998,九州通,881143,医药商业
600999,招商证券,881157,证券
601000,唐山港,881148,港口航运
601001,大同煤业,881105,煤炭开采
601002,晋亿实业,881117,通用设备
601003,柳钢股份,881112,钢铁
601005,*ST重钢,881112,钢铁
601006,大秦铁路,881149,公路铁路运输
601007,金陵饭店,881161,酒店及餐饮
601008,连云港,881148,港口航运
601009,南京银行,881155,银行
601010,文峰股份,881158,零售
601011,宝泰隆,881105,煤炭开采
601012,隆基股份,881120,电气设备
601015,陕西黑猫,881105,煤炭开采
601016,节能风电,881145,电力
601018,宁波港,881148,港口航运
601020,华钰矿业,881113,有色冶炼加工
601021,春秋航空,881151,机场航运
601028,玉龙股份,881117,通用设备
601038,一拖股份,881118,专用设备
601058,赛轮金宇,881110,化工合成材料
601069,西部黄金,881113,有色冶炼加工
601088,中国神华,881105,煤炭开采
601098,中南传媒,881164,传媒
601099,太平洋,881157,证券
601100,恒立液压,881117,通用设备
601101,昊华能源,881105,煤炭开采
601106,*ST一重,881118,专用设备
601107,四川成渝,881149,公路铁路运输
601111,中国国航,881151,机场航运
601113,华鼎股份,881110,化工合成材料
601116,三江购物,881158,零售
601117,中国化学,881116,建筑装饰
601118,海南橡胶,881101,种植业与林业
601126,四方股份,881120,电气设备
601127,小康股份,881125,汽车整车
601128,常熟银行,881155,银行
601137,博威合金,881113,有色冶炼加工
601139,深圳燃气,881146,燃气水务
601155,新城控股,881153,房地产开发
601158,重庆水务,881146,燃气水务
601163,三角轮胎,881110,化工合成材料
601166,兴业银行,881155,银行
601168,西部矿业,881113,有色冶炼加工
601169,北京银行,881155,银行
601177,杭齿前进,881117,通用设备
601179,中国西电,881120,电气设备
601186,中国铁建,881116,建筑装饰
601188,龙江交通,881149,公路铁路运输
601198,东兴证券,881157,证券
601199,江南水务,881146,燃气水务
601200,上海环境,881147,环保工程
601206,海尔施,881142,生物制品
601208,东材科技,881110,化工合成材料
601211,国泰君安,881157,证券
601212,白银有色,881113,有色冶炼加工
601216,君正集团,881108,基础化学
601218,吉鑫科技,881120,电气设备
601222,林洋能源,881120,电气设备
601225,陕西煤业,881105,煤炭开采
601226,华电重工,881116,建筑装饰
601228,广州港,881148,港口航运
601229,上海银行,881155,银行
601231,环旭电子,881124,电子制造
601233,桐昆股份,881110,化工合成材料
601238,广汽集团,881125,汽车整车
601258,庞大集团,881128,交运设备服务
601288,农业银行,881155,银行
601311,骆驼股份,881126,汽车零部件
601313,江南嘉捷,881118,专用设备
601318,中国平安,881156,保险及其他
601326,秦港股份,881148,港口航运
601328,交通银行,881155,银行
601333,广深铁路,881149,公路铁路运输
601336,新华保险,881156,保险及其他
601339,百隆东方,881135,纺织制造
601366,利群股份,881158,零售
601368,绿城水务,881146,燃气水务
601369,陕鼓动力,881117,通用设备
601375,中原证券,881157,证券
601377,兴业证券,881157,证券
601388,怡球资源,881113,有色冶炼加工
601390,中国中铁,881116,建筑装饰
601398,工商银行,881155,银行
601500,通用股份,881110,化工合成材料
601515,东风股份,881138,包装印刷
601518,吉林高速,881149,公路铁路运输
601519,*ST智慧,881163,计算机应用
601555,东吴证券,881157,证券
601558,*ST锐电,881120,电气设备
601566,九牧王,881136,服装家纺
601567,三星医疗,881120,电气设备
601579,会稽山,881133,饮料制造
601588,北辰实业,881153,房地产开发
601595,上海电影,881164,传媒
601599,鹿港文化,881135,纺织制造
601600,中国铝业,881113,有色冶炼加工
601601,中国太保,881156,保险及其他
601607,上海医药,881143,医药商业
601608,中信重工,881118,专用设备
601611,中国核建,881116,建筑装饰
601616,广电电气,881120,电气设备
601618,中国中冶,881116,建筑装饰
601619,嘉泽新能,881145,电力
601628,中国人寿,881156,保险及其他
601633,长城汽车,881125,汽车整车
601636,旗滨集团,881115,建筑材料
601666,平煤股份,881105,煤炭开采
601668,中国建筑,881116,建筑装饰
601669,中国电建,881116,建筑装饰
601677,明泰铝业,881113,有色冶炼加工
601678,滨化股份,881111,化工新材料
601688,华泰证券,881157,证券
601689,拓普集团,881126,汽车零部件
601699,潞安环能,881105,煤炭开采
601700,风范股份,881120,电气设备
601717,郑煤机,881118,专用设备
601718,际华集团,881136,服装家纺
601727,上海电气,881120,电气设备
601766,中国中车,881127,非汽车交运
601777,力帆股份,881125,汽车整车
601788,光大证券,881157,证券
601789,宁波建工,881116,建筑装饰
601798,蓝科高新,881118,专用设备
601799,星宇股份,881126,汽车零部件
601800,中国交建,881116,建筑装饰
601801,皖新传媒,881164,传媒
601808,中海油服,881107,采掘服务
601811,新华文轩,881164,传媒
601818,光大银行,881155,银行
601857,中国石油,881106,石油矿业开采
601858,中国科传,881164,传媒
601866,中远海发,881148,港口航运
601872,招商轮船,881148,港口航运
601877,正泰电器,881120,电气设备
601878,浙商证券,881157,证券
601880,大连港,881148,港口航运
601881,中国银河,881157,证券
601882,海天精工,881117,通用设备
601886,江河集团,881116,建筑装饰
601888,中国国旅,881160,景点及旅游
601890,亚星锚链,881166,国防军工
601898,中煤能源,881105,煤炭开采
601899,紫金矿业,881113,有色冶炼加工
601900,南方传媒,881164,传媒
601901,方正证券,881157,证券
601908,京运通,881120,电气设备
601918,新集能源,881105,煤炭开采
601919,中远海控,881148,港口航运
601928,凤凰传媒,881164,传媒
601929,吉视传媒,881162,通信服务
601933,永辉超市,881158,零售
601939,建设银行,881155,银行
601949,中国出版,881164,传媒
601952,苏垦农发,881101,种植业与林业
601958,金钼股份,881113,有色冶炼加工
601965,中国汽研,881128,交运设备服务
601966,玲珑轮胎,881110,化工合成材料
601968,宝钢包装,881138,包装印刷
601969,海南矿业,881106,石油矿业开采
601985,中国核电,881145,电力
601988,中国银行,881155,银行
601989,中国重工,881166,国防军工
601991,大唐发电,881145,电力
601992,金隅股份,881153,房地产开发
601996,丰林集团,881139,家用轻工
601997,贵阳银行,881155,银行
601998,中信银行,881155,银行
601999,出版传媒,881164,传媒
603000,人民网,881162,通信服务
603001,奥康国际,881136,服装家纺
603002,宏昌电子,881109,化学制品
603003,龙宇燃油,881108,基础化学
603005,晶方科技,881121,半导体及元件
603006,联明股份,881126,汽车零部件
603007,花王股份,881116,建筑装饰
603008,喜临门,881139,家用轻工
603009,北特科技,881126,汽车零部件
603010,万盛股份,881109,化学制品
603011,合锻智能,881117,通用设备
603012,创力集团,881118,专用设备
603015,弘讯科技,881120,电气设备
603016,新宏泰,881120,电气设备
603017,中衡设计,881116,建筑装饰
603018,中设集团,881116,建筑装饰
603019,中科曙光,881130,计算机设备
603020,爱普股份,881134,食品加工制造
603021,山东华鹏,881139,家用轻工
603022,新通联,881138,包装印刷
603023,威帝股份,881126,汽车零部件
603025,大豪科技,881120,电气设备
603026,石大胜华,881111,化工新材料
603027,千禾味业,881134,食品加工制造
603028,赛福天,881117,通用设备
603029,天鹅股份,881118,专用设备
603030,全筑股份,881116,建筑装饰
603031,安德利,881158,零售
603032,德新交运,881149,公路铁路运输
603033,三维股份,881110,化工合成材料
603035,常熟汽饰,881126,汽车零部件
603036,如通股份,881118,专用设备
603037,凯众股份,881126,汽车零部件
603038,华立股份,881139,家用轻工
603039,泛微网络,881163,计算机应用
603040,新坐标,881117,通用设备
603041,美思德,881109,化学制品
603042,华脉科技,881129,通信设备
603043,广州酒家,881134,食品加工制造
603050,科林电气,881120,电气设备
603055,台华新材,881135,纺织制造
603058,永吉股份,881138,包装印刷
603060,国检集团,881116,建筑装饰
603063,禾望电气,881120,电气设备
603066,音飞储存,881152,物流
603067,振华股份,881108,基础化学
603069,海汽集团,881150,公交
603077,和邦生物,881108,基础化学
603078,江化微,881109,化学制品
603079,圣达生物,881134,食品加工制造
603081,大丰实业,881118,专用设备
603085,天成自控,881126,汽车零部件
603086,先达股份,881109,化学制品
603088,宁波精达,881117,通用设备
603089,正裕工业,881126,汽车零部件
603090,宏盛股份,881117,通用设备
603096,新经典,881164,传媒
603098,森特股份,881116,建筑装饰
603099,长白山,881160,景点及旅游
603100,川仪股份,881120,电气设备
603101,汇嘉时代,881158,零售
603106,恒银金融,881130,计算机设备
603108,润达医疗,881144,医疗器械服务
603111,康尼机电,881127,非汽车交运
603113,金能科技,881109,化学制品
603116,红蜻蜓,881136,服装家纺
603117,万林股份,881152,物流
603118,共进股份,881129,通信设备
603123,翠微股份,881158,零售
603126,中材节能,881147,环保工程
603127,昭衍新药,881144,医疗器械服务
603128,华贸物流,881152,物流
603129,春风动力,881127,非汽车交运
603131,上海沪工,881117,通用设备
603133,碳元科技,881121,半导体及元件
603138,海量数据,881163,计算机应用
603139,康惠制药,881141,中药
603157,拉夏贝尔,881136,服装家纺
603158,腾龙股份,881126,汽车零部件
603159,上海亚虹,881118,专用设备
603160,汇顶科技,881121,半导体及元件
603165,荣晟环保,881137,造纸
603166,福达股份,881126,汽车零部件
603167,渤海轮渡,881148,港口航运
603168,莎普爱思,881140,化学制药
603169,兰石重装,881118,专用设备
603177,德创环保,881147,环保工程
603178,圣龙股份,881126,汽车零部件
603179,新泉股份,881126,汽车零部件
603180,金牌厨柜,881139,家用轻工
603181,皇马科技,881109,化学制品
603183,建研院,881116,建筑装饰
603186,华正新材,881123,其他电子
603188,亚邦股份,881109,化学制品
603189,网达软件,881163,计算机应用
603196,日播时尚,881136,服装家纺
603197,保隆科技,881126,汽车零部件
603198,迎驾贡酒,881133,饮料制造
603199,九华旅游,881160,景点及旅游
603200,上海洗霸,881147,环保工程
603203,快克股份,881124,电子制造
603208,江山欧派,881139,家用轻工
603218,日月股份,881117,通用设备
603222,济民制药,881140,化学制药
603223,恒通股份,881152,物流
603225,新凤鸣,881110,化工合成材料
603226,菲林格尔,881139,家用轻工
603227,雪峰科技,881109,化学制品
603228,景旺电子,881121,半导体及元件
603229,奥翔药业,881140,化学制药
603232,格尔软件,881163,计算机应用
603233,大参林,881143,医药商业
603238,诺邦股份,881135,纺织制造
603239,浙江仙通,881126,汽车零部件
603258,电魂网络,881164,传媒
603266,天龙股份,881110,化工合成材料
603268,松发股份,881139,家用轻工
603269,海鸥股份,881117,通用设备
603277,银都股份,881117,通用设备
603286,日盈电子,881126,汽车零部件
603288,海天味业,881134,食品加工制造
603298,杭叉集团,881118,专用设备
603299,井神股份,881108,基础化学
603300,华铁科技,881156,保险及其他
603303,得邦照明,881122,光学光电子
603305,旭升股份,881126,汽车零部件
603306,华懋科技,881126,汽车零部件
603308,应流股份,881117,通用设备
603309,维力医疗,881144,医疗器械服务
603311,金海环境,881118,专用设备
603313,梦百合,881139,家用轻工
603315,福鞍股份,881117,通用设备
603316,诚邦股份,881116,建筑装饰
603318,派思股份,881118,专用设备
603319,湘油泵,881126,汽车零部件
603320,迪贝电气,881120,电气设备
603321,梅轮电梯,881117,通用设备
603322,超讯通信,881129,通信设备
603323,吴江银行,881155,银行
603326,我乐家居,881139,家用轻工
603328,依顿电子,881121,半导体及元件
603330,上海天洋,881109,化学制品
603331,百达精工,881131,白色家电
603333,明星电缆,881120,电气设备
603335,迪生力,881126,汽车零部件
603336,宏辉果蔬,881103,农产品加工
603337,杰克股份,881118,专用设备
603338,浙江鼎力,881118,专用设备
603339,四方冷链,881117,通用设备
603345,安井食品,881134,食品加工制造
603355,莱克电气,881131,白色家电
603357,设计总院,881116,建筑装饰
603358,华达科技,881126,汽车零部件
603359,东珠景观,881116,建筑装饰
603360,百傲化学,881109,化学制品
603363,傲农生物,881103,农产品加工
603366,日出东方,881131,白色家电
603368,柳州医药,881143,医药商业
603369,今世缘,881133,饮料制造
603377,东方时尚,881128,交运设备服务
603380,易德龙,881124,电子制造
603383,顶点软件,881163,计算机应用
603385,惠达卫浴,881139,家用轻工
603386,广东骏亚,881123,其他电子
603387,基蛋生物,881142,生物制品
603388,元成股份,881116,建筑装饰
603389,亚振家居,881139,家用轻工
603393,新天然气,881146,燃气水务
603398,邦宝益智,881139,家用轻工
603399,新华龙,881113,有色冶炼加工
603416,信捷电气,881120,电气设备
603421,鼎信通讯,881129,通信设备
603429,集友股份,881138,包装印刷
603444,吉比特,881163,计算机应用
603456,九洲药业,881140,化学制药
603458,勘设股份,881116,建筑装饰
603488,展鹏科技,881120,电气设备
603496,恒为科技,881130,计算机设备
603500,祥和实业,881127,非汽车交运
603501,韦尔股份,881121,半导体及元件
603505,金石资源,881106,石油矿业开采
603508,思维列控,881163,计算机应用
603515,欧普照明,881122,光学光电子
603517,绝味食品,881134,食品加工制造
603518,维格娜丝,881136,服装家纺
603519,立霸股份,881131,白色家电
603520,司太立,881140,化学制药
603527,众源新材,881113,有色冶炼加工
603528,多伦科技,881163,计算机应用
603533,掌阅科技,881162,通信服务
603535,嘉诚国际,881152,物流
603536,惠发股份,881134,食品加工制造
603538,美诺华,881140,化学制药
603555,贵人鸟,881136,服装家纺
603556,海兴电力,881119,仪器仪表
603557,起步股份,881136,服装家纺
603558,健盛集团,881136,服装家纺
603559,中通国脉,881129,通信设备
603566,普莱柯,881104,农业服务
603567,珍宝岛,881141,中药
603568,伟明环保,881147,环保工程
603569,长久物流,881152,物流
603577,汇金通,881117,通用设备
603578,三星新材,881115,建筑材料
603579,荣泰健康,881144,医疗器械服务
603580,艾艾精工,881110,化工合成材料
603585,苏利股份,881109,化学制品
603586,金麒麟,881126,汽车零部件
603587,地素时尚,881136,服装家纺
603588,高能环境,881147,环保工程
603589,口子窖,881133,饮料制造
603595,东尼电子,881123,其他电子
603598,引力传媒,881164,传媒
603599,广信股份,881109,化学制品
603600,永艺股份,881139,家用轻工
603601,再升科技,881111,化工新材料
603602,纵横通信,881129,通信设备
603603,博天环境,881147,环保工程
603606,东方电缆,881120,电气设备
603608,天创时尚,881136,服装家纺
603609,禾丰牧业,881103,农产品加工
603611,诺力股份,881118,专用设备
603615,茶花股份,881110,化工合成材料
603616,韩建河山,881115,建筑材料
603617,君禾股份,881117,通用设备
603618,杭电股份,881120,电气设备
603619,中曼石油,881107,采掘服务
603626,科森科技,881117,通用设备
603628,清源股份,881120,电气设备
603630,拉芳家化,881109,化学制品
603633,徕木股份,881124,电子制造
603636,南威软件,881163,计算机应用
603637,镇海股份,881116,建筑装饰
603638,艾迪精密,881118,专用设备
603639,海利尔,881109,化学制品
603648,畅联股份,881152,物流
603656,泰禾光电,881118,专用设备
603658,安图生物,881142,生物制品
603660,苏州科达,881130,计算机设备
603663,三祥新材,881114,新材料
603665,康隆达,881135,纺织制造
603667,五洲新春,881117,通用设备
603668,天马科技,881103,农产品加工
603669,灵康药业,881140,化学制药
603676,卫信康,881140,化学制药
603677,奇精机械,881139,家用轻工
603678,火炬电子,881121,半导体及元件
603679,华体科技,881122,光学光电子
603680,今创集团,881127,非汽车交运
603686,龙马环卫,881118,专用设备
603688,石英股份,881114,新材料
603689,皖天然气,881146,燃气水务
603690,至纯科技,881118,专用设备
603696,安记食品,881134,食品加工制造
603698,航天工程,881116,建筑装饰
603699,纽威股份,881117,通用设备
603701,德宏股份,881126,汽车零部件
603703,盛洋科技,881129,通信设备
603707,健友股份,881142,生物制品
603708,家家悦,881158,零售
603716,塞力斯,881142,生物制品
603717,天域生态,881116,建筑装饰
603718,海利生物,881104,农业服务
603721,中广天择,881164,传媒
603725,天安新材,881110,化工合成材料
603726,朗迪集团,881131,白色家电
603727,博迈科,881107,采掘服务
603728,鸣志电器,881120,电气设备
603729,龙韵股份,881164,传媒
603730,岱美股份,881126,汽车零部件
603737,三棵树,881109,化学制品
603738,泰晶科技,881124,电子制造
603757,大元泵业,881117,通用设备
603758,秦安股份,881126,汽车零部件
603766,隆鑫通用,881127,非汽车交运
603767,中马传动,881126,汽车零部件
603768,常青股份,881126,汽车零部件
603776,永安行,881163,计算机应用
603777,来伊份,881158,零售
603778,乾景园林,881116,建筑装饰
603779,威龙股份,881133,饮料制造
603787,新日股份,881127,非汽车交运
603788,宁波高发,881126,汽车零部件
603789,星光农机,881118,专用设备
603797,联泰环保,881147,环保工程
603798,康普顿,881108,基础化学
603799,华友钴业,881113,有色冶炼加工
603800,道森股份,881118,专用设备
603801,志邦股份,881139,家用轻工
603803,瑞斯康达,881129,通信设备
603806,福斯特,881120,电气设备
603808,歌力思,881136,服装家纺
603811,诚意药业,881140,化学制药
603813,原尚股份,881152,物流
603816,顾家家居,881139,家用轻工
603817,海峡环保,881146,燃气水务
603818,曲美家居,881139,家用轻工
603819,神力股份,881120,电气设备
603822,嘉澳环保,881109,化学制品
603823,百合花,881109,化学制品
603825,华扬联众,881164,传媒
603826,坤彩科技,881115,建筑材料
603828,柯利达,881116,建筑装饰
603833,欧派家居,881139,家用轻工
603838,四通股份,881139,家用轻工
603839,安正时尚,881136,服装家纺
603843,正平股份,881116,建筑装饰
603855,华荣股份,881118,专用设备
603858,步长制药,881141,中药
603859,能科股份,881120,电气设备
603860,中公高科,881116,建筑装饰
603861,白云电器,881120,电气设备
603866,桃李面包,881134,食品加工制造
603868,飞科电器,881131,白色家电
603869,北部湾旅,881160,景点及旅游
603877,太平鸟,881136,服装家纺
603878,武进不锈,881117,通用设备
603879,永悦科技,881109,化学制品
603880,南卫股份,881144,医疗器械服务
603881,数据港,881163,计算机应用
603882,金域医学,881144,医疗器械服务
603883,老百姓,881143,医药商业
603885,吉祥航空,881151,机场航运
603886,元祖股份,881134,食品加工制造
603887,城地股份,881116,建筑装饰
603888,新华网,881162,通信服务
603889,新澳股份,881135,纺织制造
603896,寿仙谷,881141,中药
603898,好莱客,881139,家用轻工
603899,晨光文具,881139,家用轻工
603900,通灵珠宝,881158,零售
603901,永创智能,881118,专用设备
603903,中持股份,881146,燃气水务
603906,龙蟠科技,881108,基础化学
603908,牧高笛,881135,纺织制造
603909,合诚股份,881116,建筑装饰
603918,金桥信息,881163,计算机应用
603919,金徽酒,881133,饮料制造
603920,世运电路,881121,半导体及元件
603922,金鸿顺,881126,汽车零部件
603926,铁流股份,881126,汽车零部件
603928,兴业股份,881109,化学制品
603929,亚翔集成,881116,建筑装饰
603933,睿能科技,881163,计算机应用
603936,博敏电子,881121,半导体及元件
603938,三孚股份,881109,化学制品
603939,益丰药房,881143,医药商业
603955,大千生态,881116,建筑装饰
603958,哈森股份,881136,服装家纺
603959,百利科技,881116,建筑装饰
603960,克来机电,881118,专用设备
603963,大理药业,881141,中药
603966,法兰泰克,881117,通用设备
603968,醋化股份,881109,化学制品
603969,银龙股份,881117,通用设备
603976,正川股份,881144,医疗器械服务
603977,国泰集团,881109,化学制品
603978,深圳新星,881113,有色冶炼加工
603979,金诚信,881107,采掘服务
603980,吉华集团,881109,化学制品
603985,恒润股份,881117,通用设备
603986,兆易创新,881121,半导体及元件
603987,康德莱,881144,医疗器械服务
603988,中电电机,881120,电气设备
603989,艾华集团,881121,半导体及元件
603990,麦迪科技,881163,计算机应用
603991,至正股份,881110,化工合成材料
603993,洛阳钼业,881113,有色冶炼加工
603996,中新科技,881130,计算机设备
603997,继峰股份,881126,汽车零部件
603998,方盛制药,881141,中药
603999,读者传媒,881164,传媒
