000001,银行
000002,房地产开发
000004,生物制品
000005,房地产开发
000006,房地产开发
000007,酒店及餐饮
000008,非汽车交运
000009,综合
000010,建筑装饰
000011,房地产开发
000012,建筑材料
000014,房地产开发
000016,视听器材
000017,非汽车交运
000018,建筑装饰
000019,饮料制造
000020,电子制造
000021,计算机设备
000022,港口航运
000023,建筑材料
000025,交运设备服务
000026,家用轻工
000027,电力
000028,医药商业
000029,房地产开发
000030,汽车零部件
000031,房地产开发
000032,通信设备
000034,贸易
000035,环保工程
000036,房地产开发
000037,电力
000038,传媒
000039,通用设备
000040,房地产开发
000042,房地产开发
000043,房地产开发
000045,光学光电子
000046,房地产开发
000048,农产品加工
000049,电子制造
000050,光学光电子
000055,建筑装饰
000056,房地产开发
000058,零售
000059,基础化学
000060,有色冶炼加工
000061,零售
000062,零售
000063,通信设备
000065,建筑装饰
000066,计算机设备
000068,综合
000069,房地产开发
000070,通信设备
000078,生物制品
000088,港口航运
000089,机场航运
000090,房地产开发
000096,基础化学
000099,机场航运
000100,视听器材
000150,医疗器械服务
000151,贸易
000153,化学制药
000155,化学制品
000156,通信服务
000157,专用设备
000158,纺织制造
000159,基础化学
000166,证券
000301,电力
000333,白色家电
000338,汽车零部件
000400,电气设备
000401,建筑材料
000402,房地产开发
000403,生物制品
000404,白色家电
000407,燃气水务
000408,化学制品
000409,综合
000410,通用设备
000411,医药商业
000413,光学光电子
000415,保险及其他
000416,保险及其他
000417,零售
000418,白色家电
000419,零售
000420,化工合成材料
000421,燃气水务
000422,化学制品
000423,中药
000425,专用设备
000426,有色冶炼加工
000428,酒店及餐饮
000429,公路铁路运输
000430,景点及旅游
000488,造纸
000498,建筑装饰
000501,零售
000502,房地产开发
000503,医药商业
000504,传媒
000505,房地产开发
000506,房地产开发
000507,港口航运
000509,建筑材料
000510,基础化学
000513,化学制药
000514,房地产开发
000516,零售
000517,房地产开发
000518,生物制品
000519,新材料
000520,港口航运
000521,白色家电
000523,化学制品
000524,酒店及餐饮
000525,化学制品
000526,传媒
000528,专用设备
000529,综合
000530,通用设备
000531,电力
000532,保险及其他
000533,白色家电
000534,房地产开发
000536,光学光电子
000537,房地产开发
000538,中药
000539,电力
000540,房地产开发
000541,白色家电
000543,电力
000544,燃气水务
000545,基础化学
000546,建筑材料
000547,通信设备
000548,公路铁路运输
000550,汽车整车
000551,专用设备
000552,煤炭开采
000553,化学制品
000554,基础化学
000555,计算机应用
000557,公路铁路运输
000558,房地产开发
000559,汽车零部件
000560,零售
000561,通信设备
000563,保险及其他
000564,零售
000565,化学制品
000566,化学制药
000567,房地产开发
000568,饮料制造
000570,通用设备
000571,煤炭开采
000572,汽车整车
000573,房地产开发
000576,造纸
000581,汽车零部件
000582,港口航运
000584,通用设备
000585,电气设备
000586,通信设备
000587,家用轻工
000589,化工合成材料
000590,中药
000591,电力
000592,种植业与林业
000593,燃气水务
000595,通用设备
000596,饮料制造
000597,化学制药
000598,燃气水务
000599,化工合成材料
000600,电力
000601,电力
000603,有色冶炼加工
000605,燃气水务
000606,中药
000607,传媒
000608,房地产开发
000609,保险及其他
000610,景点及旅游
000611,纺织制造
000612,有色冶炼加工
000613,酒店及餐饮
000615,房地产开发
000616,房地产开发
000617,通用设备
000619,建筑材料
000620,房地产开发
000622,汽车零部件
000623,中药
000625,汽车整车
000626,贸易
000627,保险及其他
000628,综合
000629,石油矿业开采
000630,有色冶炼加工
000631,房地产开发
000632,综合
000633,有色冶炼加工
000635,基础化学
000636,半导体及元件
000637,基础化学
000638,房地产开发
000639,农产品加工
000650,中药
000651,白色家电
000652,综合
000655,石油矿业开采
000656,房地产开发
000657,有色冶炼加工
000659,包装印刷
000661,生物制品
000662,化学制品
000663,家用轻工
000665,通信服务
000666,保险及其他
000667,房地产开发
000668,房地产开发
000669,燃气水务
000670,半导体及元件
000671,房地产开发
000672,建筑材料
000673,传媒
000676,传媒
000677,化工合成材料
000678,汽车零部件
000679,零售
000680,专用设备
000681,传媒
000682,电气设备
000683,基础化学
000685,燃气水务
000686,证券
000687,通信设备
000688,有色冶炼加工
000690,电力
000691,房地产开发
000692,电力
000693,有色冶炼加工
000695,电力
000697,有色冶炼加工
000698,基础化学
000700,汽车零部件
000701,半导体及元件
000702,农产品加工
000703,化工合成材料
000705,医药商业
000707,基础化学
000708,钢铁
000709,钢铁
000710,医疗器械服务
000711,综合
000712,证券
000713,种植业与林业
000715,零售
000716,食品加工制造
000717,钢铁
000718,房地产开发
000719,传媒
000720,电力
000721,酒店及餐饮
000722,电力
000723,煤炭开采
000725,光学光电子
000726,纺织制造
000727,光学光电子
000728,证券
000729,饮料制造
000731,化学制品
000732,房地产开发
000733,半导体及元件
000735,养殖业
000736,房地产开发
000737,化学制品
000738,国防军工
000739,化学制药
000750,证券
000751,有色冶炼加工
000752,饮料制造
000753,交运设备服务
000755,化工新材料
000756,化学制药
000757,汽车零部件
000758,有色冶炼加工
000759,零售
000760,汽车零部件
000761,钢铁
000762,石油矿业开采
000766,中药
000767,电力
000768,国防军工
000776,证券
000777,通用设备
000778,钢铁
000779,纺织制造
000780,煤炭开采
000782,化工合成材料
000783,证券
000785,零售
000786,建筑材料
000788,化学制药
000789,建筑材料
000790,中药
000791,电力
000792,化学制品
000793,传媒
000795,新材料
000796,景点及旅游
000797,房地产开发
000798,养殖业
000799,饮料制造
000800,汽车整车
000801,视听器材
000802,传媒
000803,房地产开发
000806,电气设备
000807,有色冶炼加工
000809,房地产开发
000810,视听器材
000811,通用设备
000812,包装印刷
000813,化学制药
000815,造纸
000816,通用设备
000818,化工新材料
000819,基础化学
000820,环保工程
000821,专用设备
000822,基础化学
000823,半导体及元件
000825,钢铁
000826,环保工程
000828,公路铁路运输
000829,零售
000830,化学制品
000831,有色冶炼加工
000833,造纸
000835,传媒
000836,通信设备
000837,通用设备
000838,房地产开发
000839,综合
000848,饮料制造
000850,纺织制造
000851,通信设备
000852,专用设备
000856,专用设备
000858,饮料制造
000859,化工合成材料
000860,饮料制造
000861,零售
000862,电力
000863,房地产开发
000868,汽车整车
000869,饮料制造
000875,电力
000876,农产品加工
000877,建筑材料
000878,有色冶炼加工
000880,通用设备
000881,化工合成材料
000882,零售
000883,电力
000885,建筑材料
000886,公路铁路运输
000887,汽车零部件
000888,景点及旅游
000889,通信设备
000890,通用设备
000892,传媒
000893,农产品加工
000895,食品加工制造
000897,房地产开发
000898,钢铁
000899,电力
000900,公路铁路运输
000901,仪器仪表
000902,化学制品
000903,汽车零部件
000905,港口航运
000906,贸易
000908,化学制药
000909,计算机设备
000910,家用轻工
000911,农产品加工
000912,化学制品
000913,非汽车交运
000915,化学制药
000916,公路铁路运输
000917,通信服务
000918,房地产开发
000919,医疗器械服务
000920,化学制品
000921,白色家电
000922,电气设备
000923,专用设备
000925,非汽车交运
000926,房地产开发
000927,汽车整车
000928,建筑装饰
000929,饮料制造
000930,农产品加工
000931,化学制药
000932,钢铁
000933,有色冶炼加工
000935,建筑材料
000936,化工合成材料
000937,煤炭开采
000938,计算机设备
000939,电力
000948,计算机设备
000949,化工合成材料
000950,化学制品
000951,汽车整车
000952,化学制药
000953,化学制品
000955,纺织制造
000957,汽车整车
000958,电力
000959,钢铁
000960,有色冶炼加工
000961,房地产开发
000962,新材料
000963,医药商业
000965,房地产开发
000966,电力
000967,电气设备
000968,采掘服务
000969,新材料
000970,新材料
000971,计算机应用
000972,农产品加工
000973,化工合成材料
000975,有色冶炼加工
000976,非汽车交运
000977,计算机设备
000978,景点及旅游
000979,房地产开发
000980,汽车整车
000981,房地产开发
000982,纺织制造
000983,煤炭开采
000985,化学制品
000987,零售
000988,其他电子
000989,中药
000990,化学制药
000993,电力
000995,饮料制造
000996,交运设备服务
000997,计算机设备
000998,种植业与林业
000999,中药
001696,汽车零部件
001896,电力
001979,房地产开发
002001,化学制药
002002,基础化学
002003,纺织制造
002004,化学制品
002005,光学光电子
002006,专用设备
002007,生物制品
002008,其他电子
002009,专用设备
002010,化学制品
002011,白色家电
002012,造纸
002013,国防军工
002014,包装印刷
002015,化工合成材料
002016,房地产开发
002017,通信设备
002018,化学制品
002019,化学制药
002020,化学制药
002021,专用设备
002022,生物制品
002023,国防军工
002024,零售
002025,电子制造
002026,通用设备
002027,传媒
002028,电气设备
002029,服装家纺
002030,生物制品
002031,通用设备
002032,白色家电
002033,景点及旅游
002034,纺织制造
002035,白色家电
002036,光学光电子
002037,化学制品
002038,生物制品
002039,电力
002040,港口航运
002041,种植业与林业
002042,纺织制造
002043,建筑材料
002044,医疗器械服务
002045,电子制造
002046,通用设备
002047,建筑装饰
002048,汽车零部件
002049,半导体及元件
002050,白色家电
002051,建筑装饰
002052,视听器材
002053,食品加工制造
002054,化学制品
002055,电子制造
002056,其他电子
002057,新材料
002058,电气设备
002059,景点及旅游
002060,建筑装饰
002061,化工新材料
002062,建筑装饰
002063,计算机应用
002064,化工合成材料
002065,计算机应用
002066,建筑材料
002067,造纸
002068,化工合成材料
002069,养殖业
002070,纺织制造
002071,传媒
002072,通信服务
002073,专用设备
002074,电气设备
002075,钢铁
002076,其他电子
002077,园区开发
002078,造纸
002079,半导体及元件
002080,化工新材料
002081,建筑装饰
002082,建筑材料
002083,纺织制造
002084,家用轻工
002085,汽车零部件
002086,养殖业
002087,纺织制造
002088,建筑材料
002089,通信设备
002090,电气设备
002091,贸易
002092,基础化学
002093,通信设备
002094,家用轻工
002095,通信服务
002096,化学制品
002097,专用设备
002098,纺织制造
002099,化学制药
002100,农产品加工
002101,汽车零部件
002102,化学制药
002103,包装印刷
002104,通信设备
002105,非汽车交运
002106,光学光电子
002107,中药
002108,化工合成材料
002109,化学制品
002110,钢铁
002111,专用设备
002112,电气设备
002113,通信服务
002114,有色冶炼加工
002115,通信设备
002116,建筑装饰
002117,包装印刷
002118,中药
002119,半导体及元件
002120,物流
002121,电气设备
002122,通用设备
002123,传媒
002124,农产品加工
002125,基础化学
002126,汽车零部件
002127,通信服务
002128,煤炭开采
002129,半导体及元件
002130,新材料
002131,传媒
002132,通用设备
002133,房地产开发
002134,半导体及元件
002135,建筑装饰
002136,化学制品
002137,光学光电子
002138,半导体及元件
002139,电子制造
002140,建筑装饰
002141,其他电子
002142,银行
002143,传媒
002144,纺织制造
002145,化学制品
002146,房地产开发
002147,房地产开发
002148,传媒
002149,新材料
002150,通用设备
002151,国防军工
002152,计算机设备
002153,计算机应用
002154,服装家纺
002155,有色冶炼加工
002156,半导体及元件
002157,农产品加工
002158,通用设备
002159,景点及旅游
002160,有色冶炼加工
002161,其他电子
002162,建筑材料
002163,建筑材料
002164,通用设备
002165,化工新材料
002166,中药
002167,有色冶炼加工
002168,电气设备
002169,电气设备
002170,化学制品
002171,有色冶炼加工
002172,化工合成材料
002173,养殖业
002174,传媒
002175,传媒
002176,电气设备
002177,计算机设备
002178,建筑装饰
002179,电子制造
002180,半导体及元件
002181,传媒
002183,物流
002184,电气设备
002185,半导体及元件
002186,酒店及餐饮
002187,零售
002188,电子制造
002189,光学光电子
002190,电气设备
002191,包装印刷
002192,电气设备
002193,纺织制造
002194,通信设备
002195,计算机应用
002196,电气设备
002197,计算机设备
002198,中药
002199,半导体及元件
002200,建筑装饰
002201,化工新材料
002202,电气设备
002203,有色冶炼加工
002204,专用设备
002205,建筑材料
002206,化工合成材料
002207,采掘服务
002208,房地产开发
002209,专用设备
002210,物流
002211,化学制品
002212,电气设备
002213,汽车零部件
002214,其他电子
002215,化学制品
002216,食品加工制造
002217,光学光电子
002218,电气设备
002219,医疗器械服务
002220,农产品加工
002221,基础化学
002222,半导体及元件
002223,医疗器械服务
002224,化工合成材料
002225,建筑材料
002226,化学制品
002227,电气设备
002228,包装印刷
002229,包装印刷
002230,计算机应用
002231,通信设备
002232,计算机应用
002233,建筑材料
002234,养殖业
002235,造纸
002236,计算机设备
002237,有色冶炼加工
002238,通信服务
002239,汽车零部件
002240,家用轻工
002241,电子制造
002242,白色家电
002243,包装印刷
002244,房地产开发
002245,物流
002246,化工新材料
002247,家用轻工
002248,通用设备
002249,电气设备
002250,化学制品
002251,零售
002252,生物制品
002253,计算机应用
002254,化工合成材料
002255,电气设备
002256,化学制品
002258,化学制品
002259,家用轻工
002260,白色家电
002261,传媒
002262,化学制药
002263,化工合成材料
002264,零售
002265,汽车零部件
002266,电气设备
002267,燃气水务
002268,计算机应用
002269,服装家纺
002270,通用设备
002271,建筑材料
002272,通用设备
002273,光学光电子
002274,化学制品
002275,中药
002276,电气设备
002277,零售
002278,专用设备
002279,计算机应用
002280,计算机应用
002281,通信设备
002282,通用设备
002283,汽车零部件
002284,汽车零部件
002285,房地产开发
002286,农产品加工
002287,中药
002288,半导体及元件
002289,光学光电子
002290,白色家电
002291,服装家纺
002292,传媒
002293,服装家纺
002294,化学制药
002295,有色冶炼加工
002296,计算机应用
002297,国防军工
002298,计算机应用
002299,养殖业
002300,电气设备
002301,家用轻工
002302,建筑材料
002303,包装印刷
002304,饮料制造
002305,房地产开发
002306,酒店及餐饮
002307,建筑装饰
002308,计算机设备
002309,电气设备
002310,建筑装饰
002311,农产品加工
002312,计算机设备
002313,通信设备
002314,房地产开发
002315,通信服务
002316,通信设备
002317,中药
002318,钢铁
002319,化学制品
002320,港口航运
002321,养殖业
002322,电气设备
002323,建筑装饰
002324,化工合成材料
002325,建筑装饰
002326,化学制品
002327,服装家纺
002328,汽车零部件
002329,食品加工制造
002330,食品加工制造
002331,计算机应用
002332,化学制药
002333,建筑材料
002334,电气设备
002335,电气设备
002336,零售
002337,专用设备
002338,仪器仪表
002339,电气设备
002340,新材料
002341,化学制品
002342,通用设备
002343,传媒
002344,零售
002345,家用轻工
002346,电气设备
002347,通用设备
002348,家用轻工
002349,中药
002350,电气设备
002351,电子制造
002352,物流
002353,专用设备
002354,传媒
002355,汽车零部件
002356,电气设备
002357,公交
002358,电气设备
002359,通信服务
002360,化学制品
002361,化学制品
002362,计算机应用
002363,汽车零部件
002364,电气设备
002365,化学制药
002366,电气设备
002367,专用设备
002368,计算机应用
002369,电子制造
002370,化学制药
002371,半导体及元件
002372,建筑材料
002373,计算机应用
002374,包装印刷
002375,建筑装饰
002376,计算机设备
002377,基础化学
002378,有色冶炼加工
002379,有色冶炼加工
002380,计算机应用
002381,化工合成材料
002382,化工合成材料
002383,计算机设备
002384,电子制造
002385,农产品加工
002386,基础化学
002387,饮料制造
002388,其他电子
002389,半导体及元件
002390,医疗器械服务
002391,化学制品
002392,建筑材料
002393,化学制药
002394,纺织制造
002395,化工合成材料
002396,通信设备
002397,服装家纺
002398,建筑材料
002399,化学制药
002400,传媒
002401,计算机应用
002402,电子制造
002403,白色家电
002404,纺织制造
002405,计算机应用
002406,汽车零部件
002407,化学制品
002408,化工新材料
002409,化学制品
002410,计算机应用
002411,中药
002412,中药
002413,国防军工
002414,其他电子
002415,计算机设备
002416,零售
002417,通信设备
002418,白色家电
002419,零售
002420,视听器材
002421,计算机应用
002422,化学制药
002423,通用设备
002424,中药
002425,服装家纺
002426,通用设备
002427,化工合成材料
002428,有色冶炼加工
002429,视听器材
002430,专用设备
002431,建筑装饰
002432,医疗器械服务
002433,中药
002434,汽车零部件
002435,专用设备
002436,半导体及元件
002437,化学制药
002438,通用设备
002439,计算机应用
002440,化学制品
002441,电气设备
002442,化工合成材料
002443,钢铁
002444,通用设备
002445,传媒
002446,通信设备
002447,养殖业
002448,汽车零部件
002449,光学光电子
002450,化工合成材料
002451,电气设备
002452,电气设备
002453,化学制品
002454,汽车零部件
002455,化学制品
002456,光学光电子
002457,建筑材料
002458,养殖业
002459,专用设备
002460,有色冶炼加工
002461,饮料制造
002462,医药商业
002463,半导体及元件
002464,通信服务
002465,通信设备
002466,有色冶炼加工
002467,通信服务
002468,物流
002469,建筑装饰
002470,化学制品
002471,电气设备
002472,汽车零部件
002473,白色家电
002474,计算机应用
002475,电子制造
002476,化学制品
002477,养殖业
002478,钢铁
002479,环保工程
002480,通用设备
002481,食品加工制造
002482,建筑装饰
002483,专用设备
002484,半导体及元件
002485,服装家纺
002486,服装家纺
002487,通用设备
002488,汽车零部件
002489,家用轻工
002490,专用设备
002491,通信设备
002492,物流
002493,化工合成材料
002494,服装家纺
002495,食品加工制造
002496,化学制品
002497,化学制品
002498,电气设备
002499,专用设备
002500,证券
002501,有色冶炼加工
002502,传媒
002503,服装家纺
002504,建筑装饰
002505,养殖业
002506,电气设备
002507,食品加工制造
002508,白色家电
002509,专用设备
002510,通用设备
002511,造纸
002512,计算机应用
002513,化学制品
002514,通用设备
002515,食品加工制造
002516,纺织制造
002517,传媒
002518,电气设备
002519,视听器材
002520,通用设备
002521,造纸
002522,包装印刷
002523,专用设备
002524,燃气水务
002526,专用设备
002527,电气设备
002528,计算机设备
002529,专用设备
002530,通用设备
002531,电气设备
002532,通用设备
002533,电气设备
002534,电气设备
002535,专用设备
002536,汽车零部件
002537,通用设备
002538,化学制品
002539,化学制品
002540,有色冶炼加工
002541,建筑装饰
002542,建筑装饰
002543,白色家电
002544,通信设备
002545,建筑装饰
002546,电气设备
002547,电子制造
002548,农产品加工
002549,化学制品
002550,化学制药
002551,医疗器械服务
002552,通用设备
002553,汽车零部件
002554,采掘服务
002555,传媒
002556,化学制品
002557,食品加工制造
002558,传媒
002559,通用设备
002560,电气设备
002561,零售
002562,化学制品
002563,服装家纺
002564,专用设备
002565,包装印刷
002566,中药
002567,农产品加工
002568,食品加工制造
002569,服装家纺
002570,食品加工制造
002571,家用轻工
002572,家用轻工
002573,环保工程
002574,家用轻工
002575,家用轻工
002576,电气设备
002577,计算机设备
002578,有色冶炼加工
002579,半导体及元件
002580,电气设备
002581,生物制品
002582,食品加工制造
002583,通信设备
002584,化学制品
002585,包装印刷
002586,建筑装饰
002587,光学光电子
002588,化学制品
002589,医药商业
002590,汽车零部件
002591,化学制品
002592,汽车零部件
002593,汽车零部件
002594,汽车整车
002595,通用设备
002596,建筑材料
002597,化学制品
002598,通用设备
002599,包装印刷
002600,新材料
002601,化学制品
002602,通信服务
002603,中药
002604,农产品加工
002605,家用轻工
002606,电气设备
002607,交运设备服务
002608,国防军工
002609,计算机应用
002610,电气设备
002611,专用设备
002612,服装家纺
002613,专用设备
002614,医疗器械服务
002615,家用轻工
002616,白色家电
002617,电气设备
002618,半导体及元件
002619,传媒
002620,建筑装饰
002621,专用设备
002622,电气设备
002623,建筑材料
002624,传媒
002625,新材料
002626,化学制药
002627,公交
002628,建筑装饰
002629,采掘服务
002630,电气设备
002631,家用轻工
002632,化学制品
002633,通用设备
002634,服装家纺
002635,电子制造
002636,半导体及元件
002637,化学制品
002638,光学光电子
002639,通用设备
002640,传媒
002641,建筑材料
002642,计算机应用
002643,化学制品
002644,中药
002645,专用设备
002646,饮料制造
002647,通用设备
002648,基础化学
002649,计算机应用
002650,食品加工制造
002651,专用设备
002652,建筑材料
002653,化学制药
002654,光学光电子
002655,电子制造
002656,服装家纺
002657,计算机应用
002658,仪器仪表
002659,建筑装饰
002660,电子制造
002661,食品加工制造
002662,汽车零部件
002663,建筑装饰
002664,汽车零部件
002665,电气设备
002666,化学制品
002667,专用设备
002668,白色家电
002669,化学制品
002670,证券
002671,建筑材料
002672,环保工程
002673,证券
002674,纺织制造
002675,化学制药
002676,白色家电
002677,白色家电
002678,家用轻工
002679,种植业与林业
002680,生物制品
002681,白色家电
002682,交运设备服务
002683,化学制品
002684,汽车零部件
002685,专用设备
002686,通用设备
002687,服装家纺
002688,农业服务
002689,专用设备
002690,专用设备
002691,专用设备
002692,电气设备
002693,化学制药
002694,建筑材料
002695,食品加工制造
002696,养殖业
002697,零售
002698,专用设备
002699,服装家纺
002700,燃气水务
002701,包装印刷
002702,食品加工制造
002703,汽车零部件
002705,白色家电
002706,电气设备
002707,景点及旅游
002708,汽车零部件
002709,化学制品
002711,物流
002712,传媒
002713,建筑装饰
002714,养殖业
002715,汽车零部件
002716,有色冶炼加工
002717,建筑装饰
002718,建筑材料
002719,食品加工制造
002721,家用轻工
002722,专用设备
002723,白色家电
002724,其他电子
002725,汽车零部件
002726,食品加工制造
002727,医药商业
002728,中药
002729,其他电子
002730,专用设备
002731,家用轻工
002732,食品加工制造
002733,电气设备
002734,化学制品
002735,包装印刷
002736,证券
002737,中药
002738,采掘服务
002739,传媒
002740,家用轻工
002741,化学制品
002742,建筑材料
002743,建筑装饰
002745,光学光电子
002746,养殖业
002747,通用设备
002748,化学制品
002749,化学制品
002750,中药
002751,家用轻工
002752,包装印刷
002753,化工合成材料
002755,建筑装饰
002756,钢铁
002757,专用设备
002758,医药商业
002759,白色家电
002760,通用设备
002761,服装家纺
002762,服装家纺
002763,服装家纺
002765,汽车零部件
002766,计算机应用
002767,电气设备
002768,化工合成材料
002769,物流
002770,食品加工制造
002771,计算机应用
002772,种植业与林业
002773,化学制药
002774,通用设备
002775,建筑装饰
002776,服装家纺
002777,计算机应用
002778,基础化学
002779,通用设备
002780,服装家纺
002781,建筑装饰
002782,电子制造
002783,化学制品
002785,建筑材料
002786,通用设备
002787,包装印刷
002788,医药商业
002789,建筑装饰
002790,家用轻工
002791,建筑材料
002792,通信设备
002793,通用设备
002795,建筑材料
002796,通用设备
002797,证券
002798,家用轻工
002799,包装印刷
002800,物流
002801,电气设备
002802,化学制品
002803,包装印刷
002805,基础化学
002806,半导体及元件
002807,银行
002808,其他电子
002809,化学制品
002810,化学制品
002811,建筑装饰
002812,包装印刷
002813,其他电子
002815,半导体及元件
002816,专用设备
002817,中药
002818,零售
002819,仪器仪表
002820,食品加工制造
002821,化学制药
002822,建筑装饰
002823,电气设备
002824,有色冶炼加工
002825,家用轻工
002826,化学制药
002827,化学制品
002828,采掘服务
002829,其他电子
002830,建筑装饰
002831,包装印刷
002832,服装家纺
002833,专用设备
002835,计算机设备
002836,包装印刷
002837,专用设备
002838,化工合成材料
002839,银行
002840,食品加工制造
002841,光学光电子
002842,有色冶炼加工
002843,通用设备
002845,光学光电子
002846,包装印刷
002847,食品加工制造
002848,视听器材
002849,电气设备
002850,电气设备
002851,电气设备
002852,农产品加工
002853,家用轻工
002855,电子制造
002856,建筑装饰
002857,电气设备
002858,传媒
002859,其他电子
002860,白色家电
002861,电子制造
002862,家用轻工
002863,汽车零部件
002865,汽车零部件
002866,电子制造
002867,家用轻工
002868,农业服务
002869,其他电子
002870,仪器仪表
002871,通用设备
002872,医药商业
002873,中药
002875,服装家纺
002876,光学光电子
002877,仪器仪表
002878,传媒
002879,电气设备
002880,生物制品
002881,电子制造
002882,电气设备
002883,建筑装饰
002884,通用设备
002885,电子制造
002886,化工合成材料
002887,建筑装饰
002888,视听器材
002889,物流
002890,专用设备
002891,农产品加工
002892,电气设备
002893,电力
002895,化学制品
002896,通用设备
002897,电子制造
002898,化学制药
002899,景点及旅游
002900,化学制药
002901,医疗器械服务
300001,电气设备
300002,计算机应用
300003,医疗器械服务
300004,专用设备
300005,服装家纺
300006,化学制药
300007,仪器仪表
300008,国防军工
300009,生物制品
300010,计算机应用
300011,电气设备
300012,综合
300013,物流
300014,其他电子
300015,医疗器械服务
300016,化学制药
300017,通信设备
300018,电气设备
300019,化学制品
300020,计算机应用
300021,农业服务
300022,零售
300023,保险及其他
300024,通用设备
300025,通信设备
300026,化学制药
300027,传媒
300028,通信设备
300029,电气设备
300030,医疗器械服务
300031,通信服务
300032,光学光电子
300033,计算机应用
300034,通用设备
300035,专用设备
300036,计算机应用
300037,化学制品
300038,通信设备
300039,中药
300040,电气设备
300041,化学制品
300042,计算机设备
300043,传媒
300044,计算机应用
300045,计算机设备
300046,半导体及元件
300047,计算机应用
300048,电气设备
300049,中药
300050,通信设备
300051,计算机应用
300052,通信服务
300053,半导体及元件
300054,化学制品
300055,环保工程
300056,环保工程
300057,包装印刷
300058,传媒
300059,证券
300061,家用轻工
300062,电气设备
300063,传媒
300064,通用设备
300065,计算机设备
300066,仪器仪表
300067,化学制品
300068,电气设备
300069,电气设备
300070,环保工程
300071,传媒
300072,化学制品
300073,化学制品
300074,计算机应用
300075,计算机应用
300076,光学光电子
300077,半导体及元件
300078,其他电子
300079,计算机应用
300080,通用设备
300081,通信设备
300082,化学制品
300083,电子制造
300084,专用设备
300085,计算机应用
300086,化学制药
300087,种植业与林业
300088,光学光电子
300089,家用轻工
300090,环保工程
300091,通用设备
300092,通用设备
300093,建筑材料
300094,养殖业
300095,通用设备
300096,计算机应用
300097,通用设备
300098,通信设备
300099,专用设备
300100,汽车零部件
300101,国防军工
300102,光学光电子
300103,专用设备
300104,通信服务
300105,电气设备
300106,养殖业
300107,化学制品
300108,中药
300109,化学制品
300110,化学制药
300111,电气设备
300112,仪器仪表
300113,通信服务
300114,仪器仪表
300115,电子制造
300116,专用设备
300117,建筑材料
300118,电气设备
300119,农业服务
300120,电气设备
300121,化工合成材料
300122,生物制品
300123,国防军工
300124,电气设备
300125,环保工程
300126,通用设备
300127,新材料
300128,光学光电子
300129,电气设备
300130,计算机设备
300131,电子制造
300132,化学制品
300133,传媒
300134,通信设备
300135,基础化学
300136,电子制造
300137,环保工程
300138,农产品加工
300139,半导体及元件
300140,电气设备
300141,电气设备
300142,生物制品
300143,医疗器械服务
300144,景点及旅游
300145,通用设备
300146,食品加工制造
300147,中药
300148,传媒
300149,农产品加工
300150,计算机应用
300151,通用设备
300152,环保工程
300153,电气设备
300154,通用设备
300155,计算机设备
300156,环保工程
300157,采掘服务
300158,中药
300159,专用设备
300160,白色家电
300161,通用设备
300162,光学光电子
300163,化学制品
300164,采掘服务
300165,仪器仪表
300166,计算机应用
300167,计算机应用
300168,计算机应用
300169,化学制品
300170,计算机应用
300171,医疗器械服务
300172,环保工程
300173,专用设备
300174,化学制品
300175,农产品加工
300176,汽车零部件
300177,计算机设备
300178,景点及旅游
300179,通用设备
300180,化工合成材料
300181,中药
300182,计算机应用
300183,半导体及元件
300184,其他电子
300185,通用设备
300187,环保工程
300188,计算机应用
300189,种植业与林业
300190,环保工程
300191,采掘服务
300192,化学制品
300193,通用设备
300194,化学制药
300195,专用设备
300196,化工新材料
300197,建筑装饰
300198,建筑材料
300199,化学制药
300200,化工新材料
300201,专用设备
300202,计算机设备
300203,环保工程
300204,生物制品
300205,通信设备
300206,医疗器械服务
300207,电子制造
300208,电气设备
300209,计算机应用
300210,专用设备
300211,通信设备
300212,计算机应用
300213,通信设备
300214,化学制品
300215,电气设备
300216,医疗器械服务
300217,白色家电
300218,化工合成材料
300219,光学光电子
300220,其他电子
300221,化工合成材料
300222,电气设备
300223,半导体及元件
300224,新材料
300225,化学制品
300226,通信服务
300227,电子制造
300228,通用设备
300229,计算机应用
300230,化工合成材料
300231,计算机应用
300232,光学光电子
300233,化学制药
300234,建筑材料
300235,计算机应用
300236,化学制品
300237,建筑装饰
300238,医疗器械服务
300239,生物制品
300240,物流
300241,光学光电子
300242,传媒
300243,化学制品
300244,医疗器械服务
300245,计算机应用
300246,医疗器械服务
300247,白色家电
300248,计算机应用
300249,白色家电
300250,通信设备
300251,传媒
300252,通信设备
300253,计算机应用
300254,化学制药
300255,化学制药
300256,电子制造
300257,通用设备
300258,汽车零部件
300259,仪器仪表
300260,通用设备
300261,化学制品
300262,环保工程
300263,通用设备
300264,计算机应用
300265,电气设备
300266,环保工程
300267,化学制药
300268,农产品加工
300269,光学光电子
300270,计算机设备
300271,计算机应用
300272,白色家电
300273,医疗器械服务
300274,电气设备
300275,专用设备
300276,专用设备
300277,计算机应用
300278,通用设备
300279,电子制造
300280,通用设备
300281,专用设备
300282,电子制造
300283,电气设备
300284,建筑装饰
300285,基础化学
300286,电气设备
300287,计算机应用
300288,传媒
300289,生物制品
300290,计算机应用
300291,传媒
300292,通信设备
300293,专用设备
300294,生物制品
300295,通信服务
300296,光学光电子
300297,计算机应用
300298,医疗器械服务
300299,通信设备
300300,计算机应用
300301,光学光电子
300302,计算机设备
300303,光学光电子
300304,汽车零部件
300305,化工合成材料
300306,仪器仪表
300307,专用设备
300308,电气设备
300309,专用设备
300310,通信设备
300311,计算机应用
300312,通信设备
300313,养殖业
300314,医疗器械服务
300315,传媒
300316,电气设备
300317,光学光电子
300318,医疗器械服务
300319,半导体及元件
300320,化工合成材料
300321,化工合成材料
300322,电子制造
300323,光学光电子
300324,计算机应用
300325,化工合成材料
300326,医疗器械服务
300327,半导体及元件
300328,电子制造
300329,家用轻工
300330,计算机应用
300331,光学光电子
300332,燃气水务
300333,计算机设备
300334,环保工程
300335,环保工程
300336,传媒
300337,有色冶炼加工
300338,传媒
300339,计算机应用
300340,其他电子
300341,电气设备
300342,白色家电
300343,传媒
300344,建筑材料
300345,通用设备
300346,光学光电子
300347,医疗器械服务
300348,计算机应用
300349,仪器仪表
300350,物流
300351,非汽车交运
300352,计算机应用
300353,通信设备
300354,仪器仪表
300355,环保工程
300356,电气设备
300357,生物制品
300358,医疗器械服务
300359,传媒
300360,电气设备
300362,电气设备
300363,化学制药
300364,传媒
300365,计算机应用
300366,计算机应用
300367,计算机设备
300368,计算机设备
300369,计算机应用
300370,采掘服务
300371,仪器仪表
300373,半导体及元件
300374,建筑材料
300375,汽车零部件
300376,电气设备
300377,计算机应用
300378,计算机应用
300379,计算机应用
300380,计算机应用
300381,生物制品
300382,专用设备
300383,通信服务
300384,计算机应用
300385,专用设备
300386,计算机设备
300387,化学制品
300388,燃气水务
300389,光学光电子
300390,其他电子
300391,通用设备
300392,传媒
300393,电气设备
300394,半导体及元件
300395,新材料
300396,医疗器械服务
300397,仪器仪表
300398,化学制品
300399,计算机应用
300400,通用设备
300401,化学制药
300402,专用设备
300403,白色家电
300404,医疗器械服务
300405,化学制品
300406,生物制品
300407,电气设备
300408,半导体及元件
300409,化学制品
300410,其他电子
300411,专用设备
300412,医疗器械服务
300413,零售
300414,电气设备
300415,专用设备
300416,仪器仪表
300417,仪器仪表
300418,传媒
300419,计算机应用
300420,通用设备
300421,通用设备
300422,环保工程
300423,电气设备
300424,国防军工
300425,环保工程
300426,传媒
300427,电气设备
300428,新材料
300429,化学制品
300430,通用设备
300431,通信服务
300432,汽车零部件
300433,电子制造
300434,专用设备
300435,专用设备
300436,生物制品
300437,化学制品
300438,其他电子
300439,生物制品
300440,计算机应用
300441,通用设备
300442,专用设备
300443,通用设备
300444,电气设备
300445,仪器仪表
300446,半导体及元件
300447,电气设备
300448,计算机应用
300449,计算机设备
300450,通用设备
300451,计算机应用
300452,化学制药
300453,医疗器械服务
300455,计算机应用
300456,国防军工
300457,专用设备
300458,半导体及元件
300459,化学制品
300460,半导体及元件
300461,专用设备
300462,计算机设备
300463,生物制品
300464,通用设备
300465,计算机应用
300466,电气设备
300467,通信设备
300468,计算机应用
300469,计算机应用
300470,通用设备
300471,专用设备
300472,专用设备
300473,汽车零部件
300474,国防军工
300475,白色家电
300476,半导体及元件
300477,电气设备
300478,化工合成材料
300479,计算机设备
300480,专用设备
300481,化学制品
300482,生物制品
300483,专用设备
300484,电气设备
300485,化学制药
300486,专用设备
300487,化学制品
300488,通用设备
300489,新材料
300490,电气设备
300491,电气设备
300492,建筑装饰
300493,半导体及元件
300494,通信服务
300495,建筑装饰
300496,计算机应用
300497,化学制药
300498,养殖业
300499,专用设备
300500,建筑装饰
300501,包装印刷
300502,其他电子
300503,通用设备
300505,化学制品
300506,建筑装饰
300507,汽车零部件
300508,计算机应用
300509,专用设备
300510,电气设备
300511,种植业与林业
300512,专用设备
300513,计算机应用
300514,通信设备
300515,仪器仪表
300516,其他电子
300517,建筑装饰
300518,通信服务
300519,中药
300520,计算机应用
300521,专用设备
300522,化学制品
300523,计算机应用
300525,计算机应用
300526,专用设备
300527,专用设备
300528,传媒
300529,医疗器械服务
300530,化学制品
300531,其他电子
300532,物流
300533,计算机应用
300534,中药
300535,化学制品
300536,建筑装饰
300537,化学制品
300538,贸易
300539,化工合成材料
300540,通用设备
300541,计算机应用
300542,计算机应用
300543,电子制造
300545,专用设备
300546,其他电子
300547,化工合成材料
300548,通信设备
300549,通用设备
300550,计算机应用
300551,计算机设备
300552,计算机设备
300553,仪器仪表
300554,新材料
300555,通信服务
300556,传媒
300557,通信设备
300558,化学制药
300559,计算机应用
300560,通信设备
300561,计算机应用
300562,医疗器械服务
300563,电气设备
300565,通信设备
300566,光学光电子
300567,仪器仪表
300568,化工合成材料
300569,电气设备
300570,电子制造
300571,传媒
300572,仪器仪表
300573,化学制药
300575,化学制品
300576,化学制品
300577,纺织制造
300578,通信设备
300579,计算机应用
300580,汽车零部件
300581,国防军工
300582,其他电子
300583,生物制品
300584,化学制药
300585,汽车零部件
300586,化工合成材料
300587,化工合成材料
300588,计算机应用
300589,国防军工
300590,通信设备
300591,服装家纺
300592,传媒
300593,电气设备
300595,医疗器械服务
300596,化学制品
300597,通信设备
300598,计算机应用
300599,化工合成材料
300600,电气设备
300601,生物制品
300602,其他电子
300603,通信设备
300604,专用设备
300605,计算机应用
300606,造纸
300607,通用设备
300608,计算机应用
300609,计算机应用
300610,化学制品
300611,通用设备
300612,传媒
300613,半导体及元件
300615,通信设备
300616,家用轻工
300617,电气设备
300618,新材料
300619,专用设备
300620,其他电子
300621,建筑装饰
300622,零售
300623,半导体及元件
300625,光学光电子
300626,电气设备
300627,其他电子
300628,通信设备
300629,通用设备
300630,化学制药
300631,化学制品
300632,光学光电子
300633,医疗器械服务
300635,建筑装饰
300636,化学制药
300637,化学制品
300638,通信设备
300639,生物制品
300640,传媒
300641,化学制品
300642,生物制品
300643,汽车零部件
300645,计算机应用
300646,化学制品
300647,电子制造
300648,仪器仪表
300649,建筑装饰
300650,光学光电子
300651,家用轻工
300652,汽车零部件
300653,医疗器械服务
300654,传媒
300655,化学制品
300656,其他电子
300657,半导体及元件
300658,纺织制造
300659,计算机应用
300660,电气设备
300661,半导体及元件
300662,传媒
300663,计算机应用
300665,化学制品
300666,半导体及元件
300667,仪器仪表
300668,建筑装饰
300669,通用设备
300670,电气设备
300671,半导体及元件
300672,半导体及元件
300673,农产品加工
300675,建筑装饰
300676,医疗器械服务
300677,医疗器械服务
300678,计算机应用
300679,电子制造
300680,通用设备
300681,电气设备
300682,计算机应用
300683,生物制品
300685,生物制品
300686,电子制造
300687,计算机应用
300688,传媒
300689,其他电子
300690,新材料
300691,光学光电子
300692,环保工程
300693,电气设备
300695,汽车零部件
300696,国防军工
300697,有色冶炼加工
300698,通信设备
300699,化工合成材料
300700,新材料
300701,其他电子
300702,化学制药
600000,银行
600004,机场航运
600006,汽车整车
600007,房地产开发
600008,燃气水务
600009,机场航运
600010,钢铁
600011,电力
600012,公路铁路运输
600015,银行
600016,银行
600017,港口航运
600018,港口航运
600019,钢铁
600020,公路铁路运输
600021,电力
600022,钢铁
600023,电力
600026,港口航运
600027,电力
600028,基础化学
600029,机场航运
600030,证券
600031,专用设备
600033,公路铁路运输
600035,公路铁路运输
600036,银行
600037,通信服务
600038,国防军工
600039,建筑装饰
600048,房地产开发
600050,通信服务
600051,综合
600052,房地产开发
600053,综合
600054,景点及旅游
600055,医疗器械服务
600056,医药商业
600057,物流
600058,贸易
600059,饮料制造
600060,视听器材
600061,证券
600062,化学制药
600063,化工合成材料
600064,园区开发
600066,汽车整车
600067,房地产开发
600068,建筑装饰
600069,造纸
600070,纺织制造
600071,光学光电子
600072,国防军工
600073,食品加工制造
600074,其他电子
600075,基础化学
600076,新材料
600077,房地产开发
600078,化学制品
600079,化学制药
600080,生物制品
600081,汽车零部件
600082,贸易
600083,综合
600084,饮料制造
600085,中药
600086,家用轻工
600088,传媒
600089,电气设备
600090,医药商业
600091,基础化学
600093,汽车零部件
600094,房地产开发
600095,房地产开发
600096,化学制品
600097,养殖业
600098,电力
600099,非汽车交运
600100,计算机设备
600101,电力
600103,造纸
600104,汽车整车
600105,通信设备
600106,公路铁路运输
600107,服装家纺
600108,种植业与林业
600109,证券
600110,电气设备
600111,有色冶炼加工
600112,电气设备
600113,零售
600114,新材料
600115,机场航运
600116,电力
600117,钢铁
600118,国防军工
600119,物流
600120,贸易
600121,煤炭开采
600122,零售
600123,煤炭开采
600125,公路铁路运输
600126,钢铁
600127,农产品加工
600128,贸易
600129,中药
600130,通信设备
600131,电力
600132,饮料制造
600133,综合
600135,家用轻工
600136,传媒
600137,服装家纺
600138,景点及旅游
600139,有色冶炼加工
600141,化学制品
600143,化工合成材料
600145,建筑材料
600146,服装家纺
600148,汽车零部件
600149,房地产开发
600150,国防军工
600151,电气设备
600152,纺织制造
600153,物流
600155,证券
600156,纺织制造
600157,煤炭开采
600158,房地产开发
600159,房地产开发
600160,化学制品
600161,生物制品
600162,房地产开发
600163,电力
600165,通用设备
600166,汽车整车
600167,电力
600168,燃气水务
600169,专用设备
600170,建筑装饰
600171,半导体及元件
600172,通用设备
600173,房地产开发
600175,石油矿业开采
600176,化工新材料
600177,服装家纺
600178,汽车零部件
600179,物流
600180,贸易
600182,化工合成材料
600183,半导体及元件
600184,国防军工
600185,房地产开发
600186,食品加工制造
600187,燃气水务
600188,煤炭开采
600189,种植业与林业
600190,港口航运
600191,农产品加工
600192,电气设备
600193,贸易
600195,农业服务
600196,生物制品
600197,饮料制造
600198,通信设备
600199,饮料制造
600200,综合
600201,农业服务
600202,电气设备
600203,光学光电子
600206,半导体及元件
600207,综合
600208,房地产开发
600209,建筑装饰
600210,包装印刷
600211,中药
600212,综合
600213,汽车整车
600215,园区开发
600216,化学制药
600217,环保工程
600218,通用设备
600219,有色冶炼加工
600220,纺织制造
600221,机场航运
600222,中药
600223,房地产开发
600225,房地产开发
600226,化学制品
600227,化学制品
600228,化学制品
600229,传媒
600230,化工新材料
600231,钢铁
600232,纺织制造
600233,物流
600234,综合
600235,造纸
600236,电力
600237,半导体及元件
600238,饮料制造
600239,房地产开发
600240,房地产开发
600241,贸易
600242,计算机应用
600243,通用设备
600246,房地产开发
600247,贸易
600248,建筑装饰
600249,化学制品
600250,贸易
600251,农产品加工
600252,中药
600255,有色冶炼加工
600256,基础化学
600257,养殖业
600258,景点及旅游
600259,有色冶炼加工
600260,通信设备
600261,其他电子
600262,非汽车交运
600265,种植业与林业
600266,房地产开发
600267,化学制药
600268,电气设备
600269,公路铁路运输
600270,物流
600271,计算机应用
600272,服装家纺
600273,化学制品
600275,综合
600276,化学制药
600277,综合
600278,贸易
600279,港口航运
600280,零售
600281,基础化学
600282,钢铁
600283,燃气水务
600284,建筑装饰
600285,中药
600287,贸易
600288,其他电子
600289,通信设备
600290,电气设备
600291,保险及其他
600292,环保工程
600293,建筑材料
600295,石油矿业开采
600297,交运设备服务
600298,农产品加工
600299,生物制品
600300,饮料制造
600301,基础化学
600302,专用设备
600303,汽车整车
600305,食品加工制造
600306,零售
600307,钢铁
600308,造纸
600309,化工新材料
600310,电力
600311,有色冶炼加工
600312,电气设备
600313,农业服务
600315,化学制品
600316,国防军工
600317,港口航运
600318,保险及其他
600319,化学制品
600320,专用设备
600321,建筑材料
600322,房地产开发
600323,燃气水务
600325,房地产开发
600326,建筑材料
600327,零售
600328,基础化学
600329,中药
600330,新材料
600331,有色冶炼加工
600332,中药
600333,燃气水务
600335,交运设备服务
600336,白色家电
600337,家用轻工
600338,有色冶炼加工
600339,建筑装饰
600340,房地产开发
600343,国防军工
600345,通信设备
600346,化工合成材料
600348,煤炭开采
600350,公路铁路运输
600351,中药
600352,化学制品
600353,电气设备
600354,种植业与林业
600355,通信设备
600356,造纸
600358,景点及旅游
600359,种植业与林业
600360,半导体及元件
600361,零售
600362,有色冶炼加工
600363,光学光电子
600365,饮料制造
600366,新材料
600367,基础化学
600368,公路铁路运输
600369,证券
600370,纺织制造
600371,种植业与林业
600372,国防军工
600373,传媒
600375,专用设备
600376,房地产开发
600377,公路铁路运输
600378,化学制品
600379,电气设备
600380,化学制药
600381,中药
600382,通用设备
600383,房地产开发
600385,贸易
600386,传媒
600387,基础化学
600388,专用设备
600389,化学制品
600390,保险及其他
600391,国防军工
600392,有色冶炼加工
600393,房地产开发
600395,煤炭开采
600396,电力
600397,煤炭开采
600398,服装家纺
600399,钢铁
600400,服装家纺
600401,电气设备
600403,煤炭开采
600405,电气设备
600406,电气设备
600408,煤炭开采
600409,基础化学
600410,计算机应用
600415,零售
600416,电气设备
600418,汽车整车
600419,食品加工制造
600420,化学制药
600421,通用设备
600422,中药
600423,化学制品
600425,建筑材料
600426,化学制品
600428,港口航运
600429,食品加工制造
600433,造纸
600435,国防军工
600436,中药
600438,农产品加工
600439,家用轻工
600444,通用设备
600446,计算机应用
600448,纺织制造
600449,建筑材料
600452,电力
600455,计算机应用
600456,有色冶炼加工
600458,化学制品
600459,有色冶炼加工
600460,光学光电子
600461,燃气水务
600462,造纸
600463,园区开发
600466,房地产开发
600467,养殖业
600468,电气设备
600469,化工合成材料
600470,化学制品
600475,电气设备
600476,计算机应用
600477,建筑装饰
600478,新材料
600479,中药
600480,汽车零部件
600481,通用设备
600482,汽车零部件
600483,电力
600485,通信设备
600486,化学制品
600487,通信设备
600488,化学制药
600489,有色冶炼加工
600490,有色冶炼加工
600491,建筑装饰
600493,纺织制造
600495,非汽车交运
600496,建筑装饰
600497,有色冶炼加工
600498,通信设备
600499,专用设备
600500,基础化学
600501,专用设备
600502,建筑装饰
600503,房地产开发
600505,电力
600506,种植业与林业
600507,钢铁
600508,煤炭开采
600509,电力
600510,建筑装饰
600511,医药商业
600512,建筑装饰
600513,化学制药
600515,房地产开发
600516,新材料
600517,电气设备
600518,中药
600519,饮料制造
600520,通用设备
600521,化学制药
600522,通信设备
600523,汽车零部件
600525,电气设备
600526,专用设备
600527,化工合成材料
600528,建筑装饰
600529,医疗器械服务
600530,生物制品
600531,有色冶炼加工
600532,石油矿业开采
600533,房地产开发
600535,中药
600536,计算机应用
600537,电气设备
600538,化学制品
600539,建筑材料
600540,种植业与林业
600543,饮料制造
600545,建筑装饰
600546,煤炭开采
600547,有色冶炼加工
600548,公路铁路运输
600549,有色冶炼加工
600550,电气设备
600551,传媒
600552,建筑材料
600555,房地产开发
600556,综合
600557,中药
600558,通用设备
600559,饮料制造
600560,专用设备
600561,公交
600562,国防军工
600563,半导体及元件
600565,房地产开发
600566,化学制药
600567,造纸
600568,房地产开发
600569,钢铁
600570,计算机应用
600571,计算机应用
600572,中药
600573,饮料制造
600575,港口航运
600576,传媒
600577,通用设备
600578,电力
600579,专用设备
600580,电气设备
600581,钢铁
600582,专用设备
600583,采掘服务
600584,半导体及元件
600585,建筑材料
600586,建筑材料
600587,医疗器械服务
600588,计算机应用
600589,化学制品
600590,电气设备
600592,通用设备
600593,景点及旅游
600594,中药
600595,有色冶炼加工
600596,化学制品
600597,食品加工制造
600598,种植业与林业
600599,家用轻工
600600,饮料制造
600601,计算机设备
600602,计算机应用
600603,物流
600604,园区开发
600605,贸易
600606,房地产开发
600608,综合
600609,汽车整车
600610,建筑装饰
600611,公交
600612,家用轻工
600613,中药
600614,综合
600615,通用设备
600616,饮料制造
600617,燃气水务
600618,基础化学
600619,白色家电
600620,房地产开发
600621,房地产开发
600622,房地产开发
600623,化工合成材料
600624,综合
600626,纺织制造
600628,零售
600629,建筑装饰
600630,服装家纺
600633,传媒
600634,通信服务
600635,燃气水务
600636,化学制品
600637,通信服务
600638,房地产开发
600639,房地产开发
600640,景点及旅游
600641,房地产开发
600642,电力
600643,保险及其他
600644,电力
600645,生物制品
600647,贸易
600648,园区开发
600649,房地产开发
600650,公交
600651,其他电子
600652,传媒
600653,交运设备服务
600654,计算机应用
600655,零售
600657,房地产开发
600658,园区开发
600660,汽车零部件
600661,传媒
600662,公交
600663,园区开发
600664,化学制药
600665,房地产开发
600666,光学光电子
600667,半导体及元件
600668,建筑材料
600671,中药
600673,有色冶炼加工
600674,电力
600675,房地产开发
600676,物流
600677,国防军工
600678,建筑材料
600679,非汽车交运
600680,计算机设备
600681,燃气水务
600682,零售
600683,房地产开发
600684,房地产开发
600685,国防军工
600686,汽车整车
600687,有色冶炼加工
600688,基础化学
600689,纺织制造
600690,白色家电
600691,化学制品
600692,房地产开发
600693,零售
600694,零售
600695,食品加工制造
600696,房地产开发
600697,零售
600698,汽车零部件
600699,汽车零部件
600701,综合
600702,饮料制造
600703,光学光电子
600704,零售
600705,保险及其他
600706,景点及旅游
600707,光学光电子
600708,房地产开发
600710,专用设备
600711,有色冶炼加工
600712,零售
600713,医药商业
600714,煤炭开采
600715,传媒
600716,房地产开发
600717,港口航运
600718,计算机应用
600719,电力
600720,建筑材料
600721,煤炭开采
600722,基础化学
600723,零售
600724,房地产开发
600725,化工合成材料
600726,电力
600727,化学制品
600728,计算机应用
600729,零售
600730,综合
600731,化学制品
600732,房地产开发
600733,综合
600734,通信设备
600735,贸易
600736,房地产开发
600737,农产品加工
600738,零售
600739,贸易
600740,煤炭开采
600741,汽车零部件
600742,汽车零部件
600743,房地产开发
600744,电力
600745,通信设备
600746,化学制品
600747,保险及其他
600748,房地产开发
600749,景点及旅游
600750,中药
600751,港口航运
600753,房地产开发
600754,酒店及餐饮
600755,贸易
600756,计算机应用
600757,传媒
600758,煤炭开采
600759,石油矿业开采
600760,非汽车交运
600761,专用设备
600763,医疗器械服务
600764,其他电子
600765,通用设备
600766,房地产开发
600767,房地产开发
600768,有色冶炼加工
600769,燃气水务
600770,半导体及元件
600771,化学制药
600773,房地产开发
600774,零售
600775,通信设备
600776,通信设备
600777,石油矿业开采
600778,零售
600779,饮料制造
600780,电力
600781,中药
600782,钢铁
600783,保险及其他
600784,钢铁
600785,零售
600787,物流
600789,化学制药
600790,零售
600791,房地产开发
600792,煤炭开采
600793,造纸
600794,物流
600795,电力
600796,生物制品
600797,计算机应用
600798,港口航运
600800,其他电子
600801,建筑材料
600802,建筑材料
600803,化学制品
600804,通信服务
600805,纺织制造
600806,通用设备
600807,房地产开发
600808,钢铁
600809,饮料制造
600810,化工合成材料
600811,综合
600812,化学制药
600814,零售
600815,专用设备
600816,保险及其他
600817,综合
600818,综合
600819,建筑材料
600820,建筑装饰
600821,零售
600822,贸易
600823,房地产开发
600824,零售
600825,传媒
600826,贸易
600827,零售
600828,零售
600829,化学制药
600830,保险及其他
600831,通信服务
600833,医药商业
600834,公交
600835,专用设备
600836,包装印刷
600837,证券
600838,零售
600839,视听器材
600841,通用设备
600843,专用设备
600844,化学制品
600845,计算机应用
600846,综合
600847,电气设备
600848,园区开发
600850,计算机设备
600851,综合
600853,建筑装饰
600854,白色家电
600855,计算机设备
600856,燃气水务
600857,贸易
600858,零售
600859,零售
600860,通用设备
600861,零售
600862,国防军工
600863,电力
600864,电力
600865,零售
600866,食品加工制造
600867,生物制品
600868,电力
600869,电气设备
600870,视听器材
600871,采掘服务
600872,食品加工制造
600873,食品加工制造
600874,燃气水务
600875,电气设备
600876,建筑材料
600877,非汽车交运
600879,国防军工
600880,传媒
600881,建筑材料
600882,食品加工制造
600883,建筑材料
600884,综合
600885,电气设备
600886,电力
600887,食品加工制造
600888,有色冶炼加工
600889,化工合成材料
600890,房地产开发
600891,零售
600892,传媒
600893,国防军工
600894,专用设备
600895,园区开发
600896,港口航运
600897,机场航运
600898,零售
600900,电力
600908,银行
600909,证券
600917,燃气水务
600919,银行
600926,银行
600936,通信服务
600939,建筑装饰
600958,证券
600959,通信服务
600960,通用设备
600961,有色冶炼加工
600962,农产品加工
600963,造纸
600965,养殖业
600966,造纸
600967,非汽车交运
600969,电力
600970,建筑装饰
600971,煤炭开采
600973,电气设备
600975,养殖业
600976,中药
600977,传媒
600978,家用轻工
600979,电力
600980,新材料
600981,贸易
600982,电力
600983,白色家电
600984,专用设备
600985,化学制品
600986,传媒
600987,纺织制造
600988,有色冶炼加工
600990,国防军工
600992,通用设备
600993,中药
600995,电力
600996,通信服务
600997,煤炭开采
600998,医药商业
600999,证券
601000,港口航运
601001,煤炭开采
601002,通用设备
601003,钢铁
601005,钢铁
601006,公路铁路运输
601007,酒店及餐饮
601008,港口航运
601009,银行
601010,零售
601011,煤炭开采
601012,电气设备
601015,煤炭开采
601016,电力
601018,港口航运
601020,有色冶炼加工
601021,机场航运
601028,通用设备
601038,专用设备
601058,化工合成材料
601069,有色冶炼加工
601088,煤炭开采
601098,传媒
601099,证券
601100,通用设备
601101,煤炭开采
601106,专用设备
601107,公路铁路运输
601111,机场航运
601113,化工合成材料
601116,零售
601117,建筑装饰
601118,种植业与林业
601126,电气设备
601127,汽车整车
601128,银行
601137,有色冶炼加工
601139,燃气水务
601155,房地产开发
601158,燃气水务
601163,化工合成材料
601166,银行
601168,有色冶炼加工
601169,银行
601177,通用设备
601179,电气设备
601186,建筑装饰
601188,公路铁路运输
601198,证券
601199,燃气水务
601200,环保工程
601206,生物制品
601208,化工合成材料
601211,证券
601212,有色冶炼加工
601216,基础化学
601218,电气设备
601222,电气设备
601225,煤炭开采
601226,建筑装饰
601228,港口航运
601229,银行
601231,电子制造
601233,化工合成材料
601238,汽车整车
601258,交运设备服务
601288,银行
601311,汽车零部件
601313,专用设备
601318,保险及其他
601326,港口航运
601328,银行
601333,公路铁路运输
601336,保险及其他
601339,纺织制造
601366,零售
601368,燃气水务
601369,通用设备
601375,证券
601377,证券
601388,有色冶炼加工
601390,建筑装饰
601398,银行
601500,化工合成材料
601515,包装印刷
601518,公路铁路运输
601519,计算机应用
601555,证券
601558,电气设备
601566,服装家纺
601567,电气设备
601579,饮料制造
601588,房地产开发
601595,传媒
601599,纺织制造
601600,有色冶炼加工
601601,保险及其他
601607,医药商业
601608,专用设备
601611,建筑装饰
601616,电气设备
601618,建筑装饰
601619,电力
601628,保险及其他
601633,汽车整车
601636,建筑材料
601666,煤炭开采
601668,建筑装饰
601669,建筑装饰
601677,有色冶炼加工
601678,化工新材料
601688,证券
601689,汽车零部件
601699,煤炭开采
601700,电气设备
601717,专用设备
601718,服装家纺
601727,电气设备
601766,非汽车交运
601777,汽车整车
601788,证券
601789,建筑装饰
601798,专用设备
601799,汽车零部件
601800,建筑装饰
601801,传媒
601808,采掘服务
601811,传媒
601818,银行
601857,石油矿业开采
601858,传媒
601866,港口航运
601872,港口航运
601877,电气设备
601878,证券
601880,港口航运
601881,证券
601882,通用设备
601886,建筑装饰
601888,景点及旅游
601890,国防军工
601898,煤炭开采
601899,有色冶炼加工
601900,传媒
601901,证券
601908,电气设备
601918,煤炭开采
601919,港口航运
601928,传媒
601929,通信服务
601933,零售
601939,银行
601949,传媒
601952,种植业与林业
601958,有色冶炼加工
601965,交运设备服务
601966,化工合成材料
601968,包装印刷
601969,石油矿业开采
601985,电力
601988,银行
601989,国防军工
601991,电力
601992,房地产开发
601996,家用轻工
601997,银行
601998,银行
601999,传媒
603000,通信服务
603001,服装家纺
603002,化学制品
603003,基础化学
603005,半导体及元件
603006,汽车零部件
603007,建筑装饰
603008,家用轻工
603009,汽车零部件
603010,化学制品
603011,通用设备
603012,专用设备
603015,电气设备
603016,电气设备
603017,建筑装饰
603018,建筑装饰
603019,计算机设备
603020,食品加工制造
603021,家用轻工
603022,包装印刷
603023,汽车零部件
603025,电气设备
603026,化工新材料
603027,食品加工制造
603028,通用设备
603029,专用设备
603030,建筑装饰
603031,零售
603032,公路铁路运输
603033,化工合成材料
603035,汽车零部件
603036,专用设备
603037,汽车零部件
603038,家用轻工
603039,计算机应用
603040,通用设备
603041,化学制品
603042,通信设备
603043,食品加工制造
603050,电气设备
603055,纺织制造
603058,包装印刷
603060,建筑装饰
603063,电气设备
603066,物流
603067,基础化学
603069,公交
603077,基础化学
603078,化学制品
603079,食品加工制造
603081,专用设备
603085,汽车零部件
603086,化学制品
603088,通用设备
603089,汽车零部件
603090,通用设备
603096,传媒
603098,建筑装饰
603099,景点及旅游
603100,电气设备
603101,零售
603106,计算机设备
603108,医疗器械服务
603111,非汽车交运
603113,化学制品
603116,服装家纺
603117,物流
603118,通信设备
603123,零售
603126,环保工程
603127,医疗器械服务
603128,物流
603129,非汽车交运
603131,通用设备
603133,半导体及元件
603138,计算机应用
603139,中药
603157,服装家纺
603158,汽车零部件
603159,专用设备
603160,半导体及元件
603165,造纸
603166,汽车零部件
603167,港口航运
603168,化学制药
603169,专用设备
603177,环保工程
603178,汽车零部件
603179,汽车零部件
603180,家用轻工
603181,化学制品
603183,建筑装饰
603186,其他电子
603188,化学制品
603189,计算机应用
603196,服装家纺
603197,汽车零部件
603198,饮料制造
603199,景点及旅游
603200,环保工程
603203,电子制造
603208,家用轻工
603218,通用设备
603222,化学制药
603223,物流
603225,化工合成材料
603226,家用轻工
603227,化学制品
603228,半导体及元件
603229,化学制药
603232,计算机应用
603233,医药商业
603238,纺织制造
603239,汽车零部件
603258,传媒
603266,化工合成材料
603268,家用轻工
603269,通用设备
603277,通用设备
603286,汽车零部件
603288,食品加工制造
603298,专用设备
603299,基础化学
603300,保险及其他
603303,光学光电子
603305,汽车零部件
603306,汽车零部件
603308,通用设备
603309,医疗器械服务
603311,专用设备
603313,家用轻工
603315,通用设备
603316,建筑装饰
603318,专用设备
603319,汽车零部件
603320,电气设备
603321,通用设备
603322,通信设备
603323,银行
603326,家用轻工
603328,半导体及元件
603330,化学制品
603331,白色家电
603333,电气设备
603335,汽车零部件
603336,农产品加工
603337,专用设备
603338,专用设备
603339,通用设备
603345,食品加工制造
603355,白色家电
603357,建筑装饰
603358,汽车零部件
603359,建筑装饰
603360,化学制品
603363,农产品加工
603366,白色家电
603368,医药商业
603369,饮料制造
603377,交运设备服务
603380,电子制造
603383,计算机应用
603385,家用轻工
603386,其他电子
603387,生物制品
603388,建筑装饰
603389,家用轻工
603393,燃气水务
603398,家用轻工
603399,有色冶炼加工
603416,电气设备
603421,通信设备
603429,包装印刷
603444,计算机应用
603456,化学制药
603458,建筑装饰
603488,电气设备
603496,计算机设备
603500,非汽车交运
603501,半导体及元件
603505,石油矿业开采
603508,计算机应用
603515,光学光电子
603517,食品加工制造
603518,服装家纺
603519,白色家电
603520,化学制药
603527,有色冶炼加工
603528,计算机应用
603533,通信服务
603535,物流
603536,食品加工制造
603538,化学制药
603555,服装家纺
603556,仪器仪表
603557,服装家纺
603558,服装家纺
603559,通信设备
603566,农业服务
603567,中药
603568,环保工程
603569,物流
603577,通用设备
603578,建筑材料
603579,医疗器械服务
603580,化工合成材料
603585,化学制品
603586,汽车零部件
603587,服装家纺
603588,环保工程
603589,饮料制造
603595,其他电子
603598,传媒
603599,化学制品
603600,家用轻工
603601,化工新材料
603602,通信设备
603603,环保工程
603606,电气设备
603608,服装家纺
603609,农产品加工
603611,专用设备
603615,化工合成材料
603616,建筑材料
603617,通用设备
603618,电气设备
603619,采掘服务
603626,通用设备
603628,电气设备
603630,化学制品
603633,电子制造
603636,计算机应用
603637,建筑装饰
603638,专用设备
603639,化学制品
603648,物流
603656,专用设备
603658,生物制品
603660,计算机设备
603663,新材料
603665,纺织制造
603667,通用设备
603668,农产品加工
603669,化学制药
603676,化学制药
603677,家用轻工
603678,半导体及元件
603679,光学光电子
603680,非汽车交运
603686,专用设备
603688,新材料
603689,燃气水务
603690,专用设备
603696,食品加工制造
603698,建筑装饰
603699,通用设备
603701,汽车零部件
603703,通信设备
603707,生物制品
603708,零售
603716,生物制品
603717,建筑装饰
603718,农业服务
603721,传媒
603725,化工合成材料
603726,白色家电
603727,采掘服务
603728,电气设备
603729,传媒
603730,汽车零部件
603737,化学制品
603738,电子制造
603757,通用设备
603758,汽车零部件
603766,非汽车交运
603767,汽车零部件
603768,汽车零部件
603776,计算机应用
603777,零售
603778,建筑装饰
603779,饮料制造
603787,非汽车交运
603788,汽车零部件
603789,专用设备
603797,环保工程
603798,基础化学
603799,有色冶炼加工
603800,专用设备
603801,家用轻工
603803,通信设备
603806,电气设备
603808,服装家纺
603811,化学制药
603813,物流
603816,家用轻工
603817,燃气水务
603818,家用轻工
603819,电气设备
603822,化学制品
603823,化学制品
603825,传媒
603826,建筑材料
603828,建筑装饰
603833,家用轻工
603838,家用轻工
603839,服装家纺
603843,建筑装饰
603855,专用设备
603858,中药
603859,电气设备
603860,建筑装饰
603861,电气设备
603866,食品加工制造
603868,白色家电
603869,景点及旅游
603877,服装家纺
603878,通用设备
603879,化学制品
603880,医疗器械服务
603881,计算机应用
603882,医疗器械服务
603883,医药商业
603885,机场航运
603886,食品加工制造
603887,建筑装饰
603888,通信服务
603889,纺织制造
603896,中药
603898,家用轻工
603899,家用轻工
603900,零售
603901,专用设备
603903,燃气水务
603906,基础化学
603908,纺织制造
603909,建筑装饰
603918,计算机应用
603919,饮料制造
603920,半导体及元件
603922,汽车零部件
603926,汽车零部件
603928,化学制品
603929,建筑装饰
603933,计算机应用
603936,半导体及元件
603938,化学制品
603939,医药商业
603955,建筑装饰
603958,服装家纺
603959,建筑装饰
603960,专用设备
603963,中药
603966,通用设备
603968,化学制品
603969,通用设备
603976,医疗器械服务
603977,化学制品
603978,有色冶炼加工
603979,采掘服务
603980,化学制品
603985,通用设备
603986,半导体及元件
603987,医疗器械服务
603988,电气设备
603989,半导体及元件
603990,计算机应用
603991,化工合成材料
603993,有色冶炼加工
603996,计算机设备
603997,汽车零部件
603998,中药
603999,传媒
